battery_power,blue,clock_speed,dual_sim,fc,four_g,int_memory,m_dep,mobile_wt,n_cores,pc,px_height,px_width,ram,sc_h,sc_w,talk_time,three_g,touch_screen,wifi,price_range
272.0,2.0,14.0,2.0,15.0,1.0,4.0,1.0,114.0,3.0,17.0,139.0,444.0,751.0,8.0,8.0,1.0,1.0,2.0,1.0,4.0
164.0,2.0,1.0,2.0,5.0,2.0,60.0,8.0,112.0,5.0,13.0,408.0,182.0,844.0,2.0,1.0,6.0,2.0,1.0,1.0,4.0
628.0,2.0,24.0,1.0,2.0,1.0,26.0,9.0,107.0,3.0,5.0,604.0,424.0,486.0,13.0,11.0,9.0,1.0,2.0,2.0,3.0
503.0,1.0,1.0,2.0,19.0,2.0,24.0,5.0,17.0,8.0,21.0,173.0,619.0,842.0,6.0,1.0,6.0,2.0,2.0,1.0,4.0
459.0,1.0,10.0,1.0,12.0,2.0,48.0,5.0,29.0,6.0,19.0,410.0,156.0,343.0,11.0,9.0,6.0,2.0,1.0,2.0,2.0
469.0,2.0,25.0,2.0,6.0,2.0,49.0,8.0,119.0,8.0,10.0,321.0,223.0,758.0,6.0,8.0,2.0,2.0,2.0,2.0,4.0
582.0,1.0,20.0,1.0,2.0,1.0,46.0,10.0,77.0,2.0,4.0,607.0,429.0,837.0,10.0,3.0,9.0,1.0,1.0,1.0,4.0
160.0,1.0,20.0,2.0,1.0,1.0,61.0,8.0,32.0,1.0,3.0,614.0,690.0,275.0,3.0,3.0,17.0,1.0,2.0,2.0,2.0
301.0,2.0,25.0,2.0,10.0,2.0,24.0,6.0,22.0,5.0,20.0,311.0,191.0,754.0,7.0,10.0,9.0,2.0,2.0,1.0,4.0
492.0,1.0,1.0,1.0,2.0,1.0,24.0,5.0,92.0,3.0,21.0,36.0,250.0,104.0,2.0,1.0,4.0,2.0,1.0,2.0,1.0
484.0,1.0,18.0,1.0,3.0,1.0,54.0,6.0,1.0,7.0,7.0,282.0,407.0,835.0,9.0,8.0,19.0,1.0,2.0,1.0,4.0
416.0,1.0,25.0,1.0,3.0,2.0,33.0,8.0,92.0,3.0,7.0,142.0,569.0,848.0,11.0,9.0,7.0,2.0,2.0,2.0,4.0
193.0,2.0,10.0,2.0,1.0,1.0,29.0,10.0,8.0,2.0,4.0,451.0,698.0,53.0,2.0,3.0,19.0,2.0,1.0,1.0,1.0
341.0,2.0,18.0,2.0,6.0,1.0,18.0,9.0,79.0,5.0,16.0,140.0,683.0,179.0,9.0,1.0,15.0,2.0,2.0,1.0,1.0
62.0,1.0,14.0,1.0,9.0,2.0,50.0,9.0,114.0,8.0,10.0,615.0,402.0,558.0,13.0,7.0,2.0,2.0,2.0,1.0,3.0
642.0,2.0,6.0,1.0,6.0,2.0,52.0,7.0,27.0,8.0,8.0,115.0,669.0,82.0,5.0,6.0,9.0,2.0,1.0,2.0,1.0
711.0,1.0,1.0,2.0,15.0,2.0,25.0,10.0,84.0,2.0,18.0,343.0,492.0,412.0,9.0,4.0,13.0,2.0,2.0,1.0,3.0
271.0,1.0,25.0,1.0,6.0,2.0,47.0,2.0,107.0,4.0,16.0,189.0,16.0,436.0,5.0,3.0,4.0,2.0,1.0,1.0,2.0
359.0,2.0,13.0,2.0,3.0,2.0,36.0,2.0,115.0,2.0,4.0,52.0,632.0,846.0,15.0,13.0,14.0,2.0,1.0,2.0,4.0
479.0,1.0,22.0,1.0,10.0,1.0,36.0,7.0,110.0,4.0,21.0,32.0,29.0,511.0,1.0,1.0,5.0,1.0,1.0,1.0,3.0
230.0,1.0,2.0,1.0,9.0,2.0,6.0,7.0,72.0,1.0,18.0,283.0,713.0,245.0,11.0,2.0,15.0,2.0,2.0,1.0,2.0
12.0,1.0,22.0,2.0,2.0,1.0,59.0,5.0,22.0,5.0,6.0,295.0,531.0,743.0,9.0,12.0,8.0,1.0,2.0,1.0,4.0
509.0,1.0,13.0,2.0,8.0,1.0,49.0,1.0,36.0,2.0,11.0,428.0,529.0,310.0,13.0,1.0,8.0,1.0,2.0,2.0,2.0
15.0,2.0,3.0,2.0,17.0,1.0,57.0,8.0,18.0,5.0,19.0,288.0,294.0,472.0,13.0,4.0,1.0,1.0,2.0,1.0,2.0
267.0,1.0,13.0,2.0,2.0,1.0,4.0,7.0,46.0,3.0,7.0,580.0,401.0,832.0,13.0,5.0,6.0,2.0,2.0,1.0,4.0
262.0,1.0,12.0,2.0,7.0,2.0,42.0,7.0,43.0,3.0,17.0,521.0,391.0,80.0,11.0,11.0,13.0,2.0,2.0,2.0,1.0
651.0,1.0,26.0,2.0,1.0,1.0,16.0,6.0,45.0,4.0,2.0,324.0,335.0,491.0,12.0,12.0,12.0,2.0,2.0,1.0,3.0
238.0,1.0,1.0,1.0,2.0,1.0,7.0,1.0,12.0,5.0,6.0,37.0,84.0,97.0,13.0,4.0,6.0,1.0,2.0,2.0,1.0
69.0,2.0,1.0,2.0,10.0,1.0,14.0,2.0,60.0,5.0,11.0,348.0,68.0,827.0,6.0,10.0,9.0,2.0,1.0,2.0,4.0
261.0,2.0,12.0,2.0,1.0,2.0,37.0,8.0,2.0,2.0,1.0,78.0,273.0,153.0,7.0,4.0,9.0,2.0,1.0,1.0,1.0
709.0,1.0,25.0,2.0,3.0,2.0,10.0,3.0,105.0,8.0,14.0,468.0,442.0,482.0,7.0,3.0,17.0,2.0,1.0,1.0,3.0
435.0,1.0,22.0,2.0,16.0,2.0,55.0,5.0,108.0,8.0,17.0,280.0,76.0,163.0,5.0,6.0,6.0,2.0,1.0,1.0,1.0
508.0,2.0,13.0,2.0,2.0,1.0,31.0,3.0,73.0,7.0,12.0,643.0,549.0,642.0,13.0,12.0,6.0,2.0,1.0,1.0,4.0
346.0,2.0,18.0,2.0,11.0,1.0,48.0,8.0,96.0,4.0,21.0,398.0,241.0,142.0,14.0,14.0,8.0,2.0,1.0,1.0,1.0
285.0,2.0,8.0,1.0,1.0,1.0,44.0,8.0,114.0,3.0,7.0,585.0,703.0,156.0,7.0,8.0,1.0,2.0,1.0,1.0,1.0
327.0,2.0,17.0,1.0,4.0,1.0,32.0,9.0,45.0,6.0,9.0,72.0,636.0,299.0,1.0,4.0,6.0,1.0,1.0,2.0,2.0
388.0,1.0,5.0,2.0,5.0,2.0,7.0,6.0,17.0,6.0,6.0,412.0,515.0,705.0,13.0,17.0,7.0,2.0,1.0,2.0,4.0
581.0,1.0,2.0,2.0,2.0,2.0,27.0,4.0,33.0,6.0,17.0,98.0,178.0,348.0,15.0,3.0,11.0,2.0,1.0,2.0,2.0
322.0,1.0,5.0,1.0,5.0,1.0,39.0,9.0,71.0,2.0,12.0,180.0,14.0,660.0,9.0,1.0,13.0,2.0,1.0,1.0,3.0
34.0,1.0,22.0,1.0,1.0,1.0,1.0,2.0,8.0,4.0,2.0,112.0,33.0,449.0,12.0,7.0,9.0,1.0,2.0,2.0,2.0
696.0,2.0,10.0,1.0,3.0,1.0,46.0,8.0,111.0,2.0,11.0,646.0,697.0,180.0,5.0,6.0,16.0,1.0,2.0,2.0,2.0
155.0,2.0,10.0,2.0,3.0,1.0,42.0,3.0,110.0,8.0,8.0,357.0,179.0,557.0,9.0,5.0,15.0,2.0,1.0,2.0,3.0
92.0,2.0,1.0,2.0,1.0,1.0,11.0,5.0,42.0,6.0,16.0,50.0,69.0,135.0,1.0,5.0,10.0,1.0,1.0,2.0,1.0
439.0,2.0,2.0,2.0,13.0,2.0,16.0,6.0,95.0,5.0,20.0,93.0,234.0,15.0,10.0,1.0,2.0,2.0,1.0,1.0,1.0
705.0,1.0,17.0,1.0,3.0,1.0,47.0,6.0,109.0,3.0,15.0,265.0,124.0,31.0,1.0,4.0,16.0,2.0,2.0,1.0,1.0
450.0,2.0,13.0,1.0,10.0,2.0,56.0,5.0,1.0,7.0,18.0,387.0,353.0,216.0,13.0,4.0,6.0,2.0,2.0,1.0,2.0
294.0,1.0,19.0,2.0,3.0,1.0,19.0,9.0,56.0,1.0,6.0,136.0,55.0,255.0,3.0,1.0,15.0,1.0,2.0,2.0,1.0
551.0,1.0,3.0,2.0,2.0,2.0,12.0,5.0,35.0,4.0,16.0,672.0,700.0,532.0,12.0,5.0,17.0,2.0,2.0,2.0,4.0
202.0,1.0,16.0,2.0,10.0,1.0,32.0,7.0,63.0,7.0,21.0,41.0,686.0,353.0,7.0,6.0,4.0,2.0,2.0,1.0,2.0
579.0,1.0,4.0,1.0,2.0,1.0,28.0,3.0,70.0,7.0,7.0,311.0,160.0,544.0,3.0,2.0,4.0,2.0,2.0,1.0,3.0
182.0,2.0,5.0,2.0,14.0,1.0,31.0,8.0,24.0,8.0,15.0,138.0,135.0,492.0,13.0,15.0,14.0,1.0,2.0,2.0,2.0
63.0,1.0,8.0,1.0,7.0,2.0,32.0,5.0,22.0,2.0,11.0,390.0,241.0,147.0,12.0,5.0,2.0,2.0,1.0,1.0,1.0
462.0,2.0,1.0,2.0,1.0,1.0,55.0,4.0,86.0,3.0,4.0,391.0,585.0,578.0,2.0,1.0,7.0,1.0,2.0,2.0,4.0
193.0,1.0,15.0,1.0,12.0,1.0,46.0,2.0,71.0,8.0,15.0,59.0,87.0,264.0,10.0,3.0,3.0,2.0,2.0,2.0,1.0
541.0,2.0,2.0,2.0,5.0,1.0,19.0,9.0,74.0,7.0,11.0,562.0,420.0,748.0,13.0,7.0,3.0,2.0,2.0,1.0,4.0
525.0,2.0,10.0,2.0,7.0,1.0,23.0,3.0,95.0,5.0,16.0,203.0,257.0,223.0,14.0,16.0,1.0,2.0,2.0,2.0,2.0
383.0,2.0,1.0,1.0,10.0,2.0,53.0,6.0,54.0,8.0,12.0,689.0,688.0,672.0,6.0,7.0,13.0,2.0,1.0,2.0,4.0
546.0,1.0,21.0,2.0,2.0,1.0,6.0,2.0,56.0,4.0,3.0,455.0,643.0,247.0,5.0,2.0,6.0,1.0,2.0,2.0,2.0
301.0,1.0,10.0,2.0,11.0,1.0,14.0,5.0,119.0,7.0,15.0,308.0,90.0,307.0,9.0,6.0,1.0,2.0,1.0,2.0,2.0
664.0,2.0,25.0,1.0,16.0,1.0,24.0,3.0,11.0,2.0,18.0,242.0,128.0,796.0,5.0,7.0,1.0,2.0,1.0,2.0,4.0
675.0,2.0,7.0,2.0,2.0,1.0,21.0,1.0,1.0,8.0,5.0,281.0,296.0,775.0,7.0,3.0,5.0,2.0,1.0,2.0,4.0
12.0,1.0,21.0,2.0,6.0,1.0,55.0,3.0,60.0,4.0,7.0,79.0,78.0,859.0,6.0,1.0,6.0,1.0,1.0,2.0,3.0
40.0,1.0,1.0,1.0,4.0,2.0,37.0,7.0,42.0,6.0,6.0,16.0,91.0,262.0,1.0,1.0,6.0,2.0,1.0,1.0,1.0
543.0,2.0,19.0,2.0,3.0,2.0,38.0,4.0,85.0,1.0,8.0,215.0,71.0,433.0,8.0,1.0,19.0,2.0,2.0,2.0,3.0
496.0,2.0,8.0,2.0,2.0,2.0,21.0,6.0,93.0,3.0,16.0,17.0,411.0,222.0,5.0,3.0,8.0,2.0,1.0,1.0,2.0
80.0,1.0,2.0,1.0,6.0,2.0,46.0,1.0,4.0,3.0,7.0,34.0,511.0,392.0,4.0,1.0,14.0,2.0,2.0,1.0,2.0
643.0,2.0,12.0,1.0,11.0,2.0,27.0,2.0,32.0,4.0,15.0,659.0,490.0,249.0,1.0,3.0,17.0,2.0,1.0,2.0,2.0
350.0,2.0,1.0,2.0,7.0,1.0,9.0,8.0,55.0,8.0,21.0,620.0,421.0,619.0,1.0,2.0,19.0,1.0,1.0,2.0,4.0
25.0,2.0,1.0,1.0,4.0,2.0,52.0,8.0,94.0,5.0,6.0,310.0,433.0,375.0,1.0,3.0,18.0,2.0,2.0,2.0,2.0
575.0,2.0,24.0,1.0,3.0,2.0,22.0,10.0,43.0,3.0,21.0,670.0,655.0,321.0,4.0,7.0,19.0,2.0,2.0,2.0,3.0
427.0,1.0,1.0,2.0,5.0,1.0,35.0,1.0,106.0,1.0,17.0,194.0,107.0,378.0,13.0,14.0,18.0,1.0,1.0,2.0,2.0
715.0,1.0,1.0,1.0,6.0,1.0,57.0,6.0,30.0,5.0,7.0,485.0,561.0,386.0,6.0,6.0,6.0,2.0,1.0,2.0,3.0
298.0,2.0,8.0,1.0,6.0,2.0,39.0,10.0,96.0,3.0,15.0,414.0,194.0,552.0,11.0,13.0,3.0,2.0,2.0,1.0,3.0
465.0,1.0,7.0,1.0,4.0,2.0,31.0,5.0,96.0,3.0,6.0,386.0,592.0,784.0,12.0,2.0,11.0,2.0,2.0,1.0,4.0
630.0,2.0,7.0,2.0,7.0,1.0,62.0,9.0,72.0,1.0,20.0,329.0,619.0,731.0,14.0,11.0,9.0,2.0,1.0,1.0,4.0
323.0,2.0,18.0,2.0,3.0,2.0,40.0,10.0,86.0,7.0,5.0,379.0,284.0,61.0,15.0,12.0,10.0,2.0,2.0,2.0,1.0
181.0,2.0,4.0,2.0,6.0,1.0,5.0,4.0,38.0,6.0,13.0,447.0,253.0,577.0,14.0,2.0,16.0,2.0,1.0,2.0,3.0
307.0,2.0,1.0,2.0,1.0,2.0,63.0,5.0,87.0,5.0,1.0,376.0,535.0,107.0,9.0,8.0,19.0,2.0,1.0,1.0,1.0
264.0,2.0,16.0,2.0,2.0,2.0,19.0,7.0,98.0,1.0,5.0,246.0,206.0,517.0,5.0,7.0,11.0,2.0,1.0,2.0,3.0
433.0,2.0,20.0,2.0,1.0,2.0,33.0,4.0,88.0,6.0,2.0,415.0,427.0,851.0,1.0,1.0,1.0,2.0,1.0,1.0,4.0
440.0,1.0,10.0,2.0,3.0,2.0,55.0,1.0,58.0,5.0,9.0,128.0,204.0,212.0,11.0,9.0,9.0,2.0,2.0,2.0,2.0
237.0,1.0,17.0,1.0,7.0,1.0,23.0,6.0,45.0,5.0,17.0,580.0,367.0,816.0,3.0,3.0,19.0,1.0,2.0,1.0,4.0
286.0,2.0,15.0,1.0,1.0,1.0,35.0,6.0,48.0,4.0,4.0,623.0,452.0,836.0,4.0,4.0,19.0,2.0,2.0,1.0,4.0
230.0,1.0,1.0,2.0,14.0,2.0,60.0,1.0,89.0,8.0,17.0,57.0,528.0,154.0,4.0,8.0,10.0,2.0,2.0,1.0,1.0
721.0,1.0,1.0,2.0,2.0,2.0,14.0,7.0,104.0,8.0,12.0,21.0,81.0,828.0,15.0,18.0,11.0,2.0,1.0,2.0,4.0
538.0,1.0,23.0,1.0,4.0,1.0,19.0,1.0,85.0,2.0,18.0,550.0,484.0,57.0,4.0,5.0,5.0,2.0,2.0,1.0,1.0
217.0,1.0,13.0,2.0,15.0,1.0,27.0,8.0,74.0,8.0,21.0,190.0,149.0,863.0,9.0,12.0,6.0,1.0,1.0,2.0,4.0
334.0,1.0,13.0,1.0,5.0,2.0,41.0,9.0,110.0,3.0,21.0,367.0,86.0,308.0,10.0,4.0,5.0,2.0,1.0,2.0,2.0
710.0,2.0,4.0,2.0,10.0,1.0,47.0,4.0,19.0,6.0,17.0,114.0,110.0,641.0,6.0,5.0,8.0,2.0,1.0,2.0,4.0
432.0,1.0,10.0,2.0,4.0,1.0,26.0,6.0,1.0,8.0,7.0,362.0,289.0,170.0,10.0,1.0,8.0,1.0,1.0,2.0,1.0
314.0,1.0,13.0,2.0,9.0,1.0,43.0,5.0,28.0,8.0,18.0,227.0,252.0,340.0,3.0,5.0,9.0,2.0,1.0,1.0,2.0
548.0,2.0,17.0,2.0,7.0,1.0,50.0,9.0,20.0,5.0,16.0,239.0,446.0,384.0,10.0,1.0,2.0,1.0,2.0,2.0,3.0
558.0,2.0,2.0,2.0,1.0,1.0,16.0,7.0,73.0,4.0,3.0,303.0,196.0,581.0,10.0,2.0,4.0,2.0,2.0,2.0,3.0
702.0,2.0,1.0,1.0,1.0,2.0,2.0,9.0,89.0,7.0,18.0,636.0,718.0,13.0,2.0,1.0,19.0,2.0,1.0,1.0,1.0
89.0,1.0,5.0,2.0,1.0,1.0,40.0,3.0,75.0,4.0,2.0,425.0,211.0,586.0,15.0,8.0,5.0,1.0,1.0,2.0,3.0
470.0,1.0,21.0,1.0,3.0,1.0,2.0,10.0,11.0,5.0,9.0,505.0,236.0,406.0,4.0,3.0,11.0,1.0,2.0,2.0,2.0
629.0,2.0,18.0,2.0,4.0,1.0,26.0,3.0,58.0,5.0,20.0,320.0,685.0,113.0,7.0,11.0,11.0,2.0,1.0,1.0,1.0
125.0,2.0,20.0,2.0,9.0,2.0,25.0,2.0,85.0,8.0,18.0,362.0,320.0,526.0,15.0,4.0,14.0,2.0,1.0,2.0,3.0
265.0,2.0,3.0,1.0,8.0,2.0,46.0,2.0,26.0,6.0,16.0,131.0,468.0,362.0,4.0,2.0,8.0,2.0,1.0,1.0,2.0
302.0,2.0,21.0,1.0,10.0,1.0,22.0,8.0,2.0,4.0,20.0,233.0,247.0,658.0,11.0,5.0,4.0,1.0,2.0,1.0,3.0
30.0,2.0,1.0,2.0,1.0,2.0,23.0,8.0,24.0,4.0,6.0,305.0,66.0,400.0,10.0,2.0,1.0,2.0,1.0,1.0,2.0
349.0,2.0,14.0,1.0,10.0,1.0,18.0,8.0,34.0,8.0,16.0,372.0,689.0,123.0,6.0,6.0,17.0,1.0,1.0,1.0,1.0
254.0,1.0,19.0,2.0,5.0,2.0,14.0,4.0,10.0,8.0,20.0,273.0,103.0,55.0,7.0,8.0,17.0,2.0,1.0,1.0,1.0
445.0,2.0,23.0,2.0,5.0,1.0,18.0,5.0,67.0,7.0,14.0,534.0,668.0,610.0,8.0,3.0,3.0,1.0,1.0,1.0,4.0
97.0,1.0,2.0,2.0,1.0,2.0,33.0,1.0,35.0,4.0,7.0,187.0,55.0,326.0,10.0,9.0,7.0,2.0,1.0,2.0,2.0
689.0,2.0,9.0,1.0,6.0,1.0,57.0,3.0,95.0,2.0,18.0,34.0,236.0,526.0,7.0,7.0,5.0,1.0,1.0,2.0,3.0
269.0,1.0,15.0,2.0,3.0,1.0,14.0,7.0,34.0,1.0,6.0,619.0,717.0,124.0,5.0,3.0,9.0,1.0,1.0,1.0,1.0
532.0,2.0,9.0,1.0,2.0,2.0,50.0,8.0,4.0,4.0,21.0,335.0,212.0,232.0,7.0,10.0,9.0,2.0,2.0,2.0,2.0
294.0,1.0,12.0,2.0,3.0,1.0,33.0,6.0,49.0,8.0,5.0,420.0,173.0,555.0,5.0,4.0,19.0,1.0,1.0,2.0,3.0
132.0,2.0,1.0,2.0,2.0,2.0,29.0,8.0,111.0,3.0,10.0,258.0,297.0,870.0,8.0,11.0,10.0,2.0,1.0,2.0,4.0
172.0,2.0,2.0,2.0,1.0,1.0,39.0,1.0,53.0,2.0,14.0,363.0,280.0,853.0,14.0,15.0,1.0,1.0,1.0,1.0,4.0
2.0,1.0,5.0,2.0,5.0,1.0,62.0,10.0,90.0,2.0,17.0,255.0,541.0,742.0,13.0,16.0,14.0,1.0,1.0,2.0,4.0
685.0,2.0,12.0,2.0,6.0,2.0,63.0,3.0,40.0,4.0,18.0,187.0,338.0,286.0,1.0,2.0,5.0,2.0,1.0,2.0,2.0
621.0,2.0,2.0,2.0,11.0,1.0,51.0,3.0,61.0,2.0,17.0,461.0,205.0,838.0,14.0,18.0,1.0,2.0,1.0,1.0,4.0
425.0,1.0,12.0,2.0,4.0,2.0,1.0,9.0,80.0,7.0,7.0,485.0,577.0,686.0,7.0,6.0,10.0,2.0,1.0,1.0,4.0
433.0,2.0,24.0,1.0,4.0,2.0,37.0,1.0,116.0,2.0,5.0,274.0,293.0,786.0,9.0,3.0,12.0,2.0,1.0,1.0,4.0
709.0,2.0,1.0,1.0,3.0,1.0,18.0,4.0,44.0,7.0,4.0,340.0,139.0,791.0,11.0,1.0,1.0,2.0,1.0,1.0,4.0
672.0,1.0,23.0,1.0,5.0,1.0,61.0,7.0,54.0,3.0,18.0,223.0,739.0,348.0,12.0,11.0,4.0,1.0,2.0,2.0,3.0
405.0,1.0,9.0,2.0,11.0,1.0,4.0,1.0,61.0,8.0,18.0,207.0,663.0,755.0,10.0,7.0,2.0,2.0,1.0,1.0,4.0
171.0,2.0,23.0,1.0,6.0,1.0,57.0,4.0,99.0,1.0,17.0,587.0,418.0,140.0,6.0,5.0,1.0,2.0,1.0,2.0,1.0
559.0,2.0,17.0,1.0,11.0,1.0,24.0,1.0,68.0,3.0,12.0,323.0,181.0,4.0,5.0,4.0,10.0,2.0,2.0,2.0,1.0
224.0,1.0,1.0,2.0,1.0,1.0,61.0,4.0,72.0,1.0,2.0,157.0,19.0,812.0,11.0,4.0,17.0,2.0,2.0,2.0,4.0
6.0,1.0,11.0,2.0,4.0,1.0,37.0,1.0,18.0,7.0,5.0,379.0,310.0,556.0,7.0,6.0,1.0,1.0,2.0,2.0,3.0
627.0,1.0,7.0,1.0,3.0,2.0,63.0,3.0,54.0,5.0,8.0,166.0,98.0,354.0,3.0,7.0,5.0,2.0,2.0,2.0,2.0
419.0,1.0,4.0,1.0,7.0,2.0,49.0,1.0,44.0,4.0,12.0,317.0,459.0,413.0,8.0,9.0,19.0,2.0,1.0,1.0,2.0
467.0,1.0,10.0,1.0,1.0,1.0,15.0,4.0,85.0,1.0,2.0,639.0,571.0,54.0,10.0,3.0,6.0,1.0,2.0,1.0,1.0
534.0,1.0,13.0,2.0,6.0,1.0,24.0,6.0,13.0,5.0,19.0,500.0,389.0,746.0,5.0,2.0,7.0,2.0,2.0,2.0,4.0
516.0,2.0,26.0,2.0,4.0,2.0,23.0,10.0,46.0,8.0,6.0,389.0,206.0,563.0,1.0,4.0,16.0,2.0,2.0,2.0,3.0
28.0,1.0,1.0,1.0,1.0,2.0,22.0,5.0,118.0,5.0,2.0,602.0,575.0,671.0,8.0,3.0,6.0,2.0,2.0,1.0,4.0
528.0,2.0,1.0,1.0,5.0,1.0,30.0,1.0,51.0,2.0,6.0,690.0,709.0,218.0,7.0,11.0,8.0,1.0,2.0,1.0,2.0
274.0,2.0,5.0,2.0,1.0,1.0,15.0,1.0,21.0,7.0,10.0,65.0,201.0,13.0,8.0,1.0,2.0,2.0,2.0,2.0,1.0
650.0,2.0,10.0,2.0,1.0,1.0,13.0,9.0,23.0,2.0,1.0,621.0,616.0,337.0,11.0,11.0,19.0,1.0,1.0,1.0,3.0
712.0,1.0,1.0,1.0,7.0,1.0,23.0,9.0,95.0,6.0,10.0,436.0,279.0,330.0,1.0,4.0,11.0,2.0,1.0,2.0,2.0
47.0,2.0,3.0,1.0,2.0,1.0,20.0,1.0,106.0,6.0,8.0,204.0,26.0,444.0,7.0,11.0,12.0,2.0,2.0,1.0,2.0
310.0,1.0,12.0,2.0,1.0,2.0,55.0,3.0,52.0,7.0,5.0,539.0,598.0,661.0,2.0,6.0,8.0,2.0,1.0,2.0,4.0
206.0,2.0,2.0,1.0,1.0,2.0,9.0,8.0,1.0,2.0,4.0,202.0,601.0,277.0,14.0,10.0,8.0,2.0,2.0,1.0,2.0
521.0,1.0,1.0,1.0,1.0,1.0,32.0,4.0,121.0,1.0,10.0,120.0,135.0,427.0,5.0,8.0,17.0,2.0,2.0,2.0,3.0
111.0,1.0,1.0,1.0,6.0,1.0,62.0,5.0,93.0,8.0,15.0,483.0,649.0,64.0,1.0,1.0,7.0,2.0,1.0,2.0,1.0
370.0,2.0,26.0,2.0,4.0,2.0,53.0,8.0,4.0,5.0,5.0,442.0,440.0,833.0,2.0,2.0,13.0,2.0,2.0,1.0,4.0
37.0,2.0,6.0,2.0,5.0,2.0,59.0,1.0,60.0,2.0,8.0,490.0,483.0,606.0,10.0,1.0,8.0,2.0,1.0,1.0,3.0
221.0,2.0,1.0,2.0,6.0,2.0,59.0,2.0,37.0,2.0,11.0,137.0,313.0,415.0,8.0,8.0,14.0,2.0,2.0,2.0,2.0
515.0,1.0,24.0,2.0,5.0,1.0,43.0,4.0,115.0,5.0,6.0,85.0,113.0,665.0,4.0,2.0,16.0,1.0,1.0,2.0,4.0
33.0,2.0,1.0,1.0,3.0,1.0,32.0,6.0,113.0,1.0,7.0,67.0,185.0,522.0,9.0,7.0,1.0,1.0,2.0,2.0,2.0
471.0,1.0,20.0,2.0,15.0,2.0,56.0,9.0,76.0,6.0,19.0,664.0,607.0,475.0,14.0,16.0,3.0,2.0,2.0,1.0,3.0
48.0,2.0,26.0,2.0,1.0,1.0,15.0,5.0,61.0,2.0,1.0,22.0,109.0,821.0,8.0,1.0,4.0,1.0,1.0,2.0,3.0
188.0,2.0,21.0,2.0,11.0,2.0,8.0,5.0,69.0,7.0,15.0,662.0,583.0,737.0,7.0,6.0,14.0,2.0,1.0,1.0,4.0
497.0,1.0,21.0,2.0,14.0,2.0,36.0,10.0,3.0,4.0,17.0,454.0,565.0,687.0,2.0,1.0,14.0,2.0,1.0,2.0,4.0
637.0,2.0,3.0,1.0,8.0,1.0,43.0,3.0,46.0,2.0,18.0,277.0,48.0,623.0,15.0,4.0,8.0,1.0,1.0,1.0,3.0
273.0,2.0,12.0,1.0,1.0,2.0,57.0,2.0,98.0,4.0,13.0,583.0,633.0,448.0,15.0,16.0,10.0,2.0,2.0,1.0,3.0
477.0,2.0,4.0,1.0,5.0,2.0,60.0,6.0,49.0,1.0,11.0,364.0,159.0,829.0,7.0,9.0,19.0,2.0,1.0,2.0,4.0
235.0,1.0,16.0,1.0,1.0,2.0,4.0,9.0,105.0,7.0,15.0,278.0,149.0,693.0,4.0,3.0,5.0,2.0,2.0,2.0,3.0
640.0,2.0,7.0,2.0,1.0,1.0,45.0,1.0,44.0,4.0,3.0,438.0,497.0,695.0,4.0,5.0,15.0,1.0,2.0,1.0,4.0
628.0,1.0,2.0,2.0,1.0,1.0,7.0,1.0,10.0,8.0,16.0,524.0,450.0,143.0,7.0,2.0,19.0,1.0,1.0,1.0,1.0
59.0,2.0,12.0,2.0,15.0,1.0,29.0,1.0,113.0,2.0,17.0,62.0,275.0,234.0,12.0,2.0,9.0,1.0,2.0,2.0,1.0
701.0,1.0,1.0,1.0,8.0,2.0,37.0,4.0,114.0,3.0,16.0,499.0,441.0,545.0,3.0,1.0,9.0,2.0,2.0,1.0,4.0
401.0,2.0,1.0,1.0,1.0,2.0,3.0,3.0,53.0,4.0,2.0,52.0,354.0,520.0,4.0,5.0,18.0,2.0,2.0,2.0,3.0
686.0,2.0,1.0,2.0,7.0,1.0,22.0,1.0,23.0,7.0,8.0,608.0,676.0,868.0,9.0,11.0,18.0,1.0,1.0,2.0,4.0
483.0,2.0,9.0,2.0,1.0,1.0,41.0,9.0,45.0,2.0,6.0,159.0,244.0,765.0,11.0,15.0,5.0,2.0,1.0,1.0,4.0
495.0,2.0,16.0,1.0,1.0,1.0,6.0,2.0,55.0,2.0,11.0,47.0,172.0,739.0,1.0,5.0,6.0,2.0,2.0,2.0,4.0
251.0,1.0,7.0,2.0,8.0,2.0,7.0,8.0,18.0,2.0,10.0,254.0,210.0,844.0,10.0,14.0,19.0,2.0,2.0,1.0,4.0
477.0,2.0,8.0,2.0,11.0,2.0,37.0,1.0,8.0,5.0,15.0,185.0,443.0,564.0,13.0,10.0,15.0,2.0,2.0,1.0,3.0
219.0,1.0,20.0,1.0,4.0,1.0,46.0,4.0,62.0,2.0,12.0,73.0,410.0,603.0,15.0,15.0,4.0,1.0,1.0,1.0,3.0
288.0,1.0,26.0,1.0,8.0,2.0,16.0,1.0,10.0,5.0,18.0,106.0,576.0,815.0,13.0,16.0,15.0,2.0,2.0,1.0,4.0
256.0,1.0,24.0,2.0,7.0,2.0,31.0,9.0,8.0,3.0,15.0,627.0,742.0,640.0,13.0,6.0,9.0,2.0,2.0,1.0,4.0
605.0,1.0,6.0,1.0,6.0,1.0,49.0,9.0,25.0,3.0,13.0,625.0,577.0,615.0,15.0,19.0,14.0,1.0,1.0,2.0,4.0
144.0,2.0,19.0,2.0,2.0,2.0,35.0,3.0,48.0,8.0,15.0,276.0,220.0,854.0,1.0,2.0,4.0,2.0,2.0,2.0,4.0
504.0,1.0,21.0,1.0,13.0,2.0,49.0,10.0,19.0,5.0,17.0,460.0,258.0,202.0,13.0,3.0,16.0,2.0,2.0,2.0,2.0
244.0,1.0,12.0,1.0,7.0,2.0,11.0,8.0,53.0,4.0,9.0,356.0,384.0,34.0,5.0,2.0,16.0,2.0,1.0,2.0,1.0
332.0,2.0,26.0,1.0,8.0,2.0,42.0,8.0,23.0,1.0,17.0,668.0,737.0,760.0,5.0,6.0,12.0,2.0,2.0,2.0,4.0
168.0,2.0,15.0,1.0,4.0,2.0,2.0,5.0,82.0,2.0,5.0,210.0,190.0,77.0,10.0,10.0,8.0,2.0,1.0,2.0,1.0
52.0,2.0,4.0,1.0,2.0,2.0,17.0,2.0,67.0,7.0,4.0,91.0,16.0,78.0,8.0,2.0,11.0,2.0,1.0,2.0,1.0
607.0,1.0,1.0,1.0,1.0,1.0,23.0,4.0,56.0,1.0,1.0,246.0,168.0,133.0,1.0,2.0,3.0,2.0,1.0,2.0,1.0
369.0,1.0,1.0,1.0,19.0,1.0,62.0,7.0,86.0,1.0,20.0,624.0,500.0,376.0,9.0,7.0,6.0,1.0,2.0,1.0,2.0
518.0,1.0,22.0,2.0,1.0,1.0,54.0,5.0,30.0,5.0,1.0,645.0,601.0,94.0,2.0,1.0,19.0,2.0,2.0,2.0,2.0
316.0,2.0,1.0,2.0,6.0,1.0,13.0,2.0,56.0,5.0,7.0,406.0,354.0,1.0,15.0,11.0,13.0,2.0,1.0,2.0,1.0
74.0,2.0,3.0,1.0,1.0,1.0,34.0,4.0,34.0,7.0,6.0,538.0,445.0,426.0,9.0,5.0,18.0,2.0,2.0,2.0,2.0
338.0,2.0,19.0,2.0,2.0,1.0,24.0,1.0,9.0,4.0,8.0,54.0,251.0,226.0,14.0,10.0,16.0,1.0,2.0,1.0,1.0
457.0,2.0,21.0,1.0,7.0,1.0,32.0,1.0,42.0,5.0,8.0,473.0,676.0,43.0,7.0,7.0,17.0,2.0,2.0,2.0,1.0
27.0,1.0,5.0,1.0,5.0,2.0,9.0,8.0,56.0,8.0,13.0,113.0,100.0,405.0,9.0,13.0,1.0,2.0,1.0,1.0,2.0
591.0,2.0,23.0,1.0,6.0,2.0,20.0,1.0,47.0,3.0,9.0,167.0,369.0,528.0,12.0,13.0,7.0,2.0,1.0,2.0,3.0
652.0,1.0,3.0,1.0,9.0,2.0,41.0,1.0,48.0,2.0,17.0,574.0,542.0,115.0,15.0,8.0,15.0,2.0,1.0,2.0,2.0
201.0,1.0,9.0,1.0,4.0,1.0,9.0,1.0,109.0,2.0,6.0,46.0,371.0,47.0,9.0,4.0,13.0,1.0,2.0,2.0,1.0
186.0,1.0,1.0,1.0,6.0,1.0,8.0,4.0,34.0,1.0,11.0,251.0,307.0,220.0,2.0,3.0,16.0,1.0,1.0,2.0,1.0
126.0,1.0,24.0,1.0,14.0,1.0,47.0,7.0,22.0,3.0,19.0,691.0,700.0,163.0,5.0,6.0,17.0,1.0,1.0,1.0,2.0
19.0,1.0,17.0,1.0,1.0,2.0,27.0,4.0,77.0,7.0,5.0,63.0,268.0,546.0,10.0,1.0,4.0,2.0,2.0,1.0,2.0
44.0,1.0,25.0,2.0,7.0,2.0,32.0,2.0,116.0,8.0,18.0,657.0,555.0,579.0,1.0,3.0,4.0,2.0,2.0,2.0,3.0
128.0,2.0,2.0,2.0,12.0,2.0,38.0,7.0,85.0,1.0,15.0,544.0,579.0,459.0,8.0,8.0,7.0,2.0,2.0,1.0,3.0
91.0,1.0,1.0,2.0,1.0,2.0,8.0,8.0,107.0,7.0,4.0,656.0,621.0,280.0,2.0,6.0,18.0,2.0,1.0,1.0,2.0
494.0,1.0,3.0,2.0,11.0,1.0,38.0,4.0,46.0,3.0,21.0,315.0,456.0,22.0,6.0,10.0,18.0,2.0,1.0,2.0,1.0
610.0,2.0,20.0,1.0,7.0,1.0,38.0,7.0,109.0,2.0,10.0,253.0,337.0,136.0,5.0,2.0,15.0,2.0,2.0,2.0,1.0
66.0,1.0,9.0,1.0,6.0,1.0,27.0,9.0,34.0,7.0,17.0,510.0,426.0,38.0,2.0,3.0,11.0,1.0,1.0,2.0,1.0
615.0,2.0,5.0,1.0,8.0,2.0,22.0,9.0,58.0,2.0,9.0,557.0,719.0,76.0,5.0,6.0,10.0,2.0,2.0,1.0,2.0
686.0,1.0,8.0,1.0,17.0,2.0,54.0,2.0,87.0,5.0,21.0,402.0,361.0,102.0,6.0,8.0,12.0,2.0,2.0,1.0,1.0
437.0,1.0,9.0,2.0,4.0,2.0,61.0,4.0,74.0,1.0,6.0,592.0,437.0,727.0,15.0,2.0,1.0,2.0,2.0,1.0,4.0
609.0,1.0,22.0,1.0,13.0,1.0,25.0,5.0,1.0,1.0,18.0,60.0,605.0,313.0,14.0,7.0,13.0,1.0,1.0,1.0,2.0
347.0,1.0,4.0,1.0,3.0,1.0,48.0,5.0,52.0,1.0,9.0,120.0,454.0,205.0,11.0,14.0,6.0,2.0,2.0,2.0,1.0
183.0,1.0,1.0,2.0,3.0,1.0,2.0,5.0,84.0,7.0,9.0,446.0,564.0,598.0,1.0,2.0,12.0,1.0,1.0,2.0,3.0
540.0,2.0,19.0,1.0,3.0,2.0,1.0,8.0,7.0,6.0,20.0,540.0,335.0,434.0,15.0,11.0,17.0,2.0,2.0,1.0,3.0
284.0,2.0,1.0,2.0,7.0,2.0,3.0,5.0,13.0,1.0,13.0,527.0,552.0,595.0,3.0,6.0,12.0,2.0,1.0,2.0,3.0
653.0,2.0,21.0,2.0,1.0,1.0,63.0,7.0,10.0,5.0,2.0,97.0,60.0,677.0,1.0,5.0,18.0,2.0,2.0,1.0,4.0
593.0,1.0,19.0,2.0,2.0,1.0,50.0,4.0,61.0,4.0,16.0,226.0,102.0,273.0,1.0,2.0,8.0,1.0,2.0,2.0,2.0
188.0,2.0,21.0,1.0,3.0,1.0,22.0,5.0,19.0,5.0,4.0,18.0,87.0,551.0,12.0,15.0,6.0,1.0,1.0,1.0,3.0
387.0,2.0,24.0,2.0,1.0,1.0,55.0,6.0,100.0,1.0,8.0,226.0,588.0,639.0,5.0,6.0,5.0,1.0,1.0,2.0,4.0
32.0,2.0,7.0,2.0,2.0,2.0,42.0,3.0,62.0,6.0,18.0,487.0,240.0,717.0,9.0,13.0,16.0,2.0,2.0,1.0,4.0
368.0,2.0,17.0,2.0,1.0,1.0,37.0,8.0,114.0,5.0,11.0,497.0,383.0,675.0,15.0,8.0,16.0,1.0,1.0,1.0,4.0
631.0,1.0,8.0,1.0,19.0,2.0,24.0,8.0,106.0,6.0,20.0,645.0,459.0,322.0,6.0,7.0,1.0,2.0,2.0,1.0,3.0
31.0,2.0,25.0,2.0,2.0,2.0,11.0,10.0,82.0,5.0,20.0,257.0,648.0,533.0,9.0,1.0,15.0,2.0,2.0,2.0,3.0
612.0,2.0,1.0,1.0,15.0,2.0,60.0,1.0,62.0,7.0,21.0,459.0,516.0,191.0,13.0,5.0,14.0,2.0,1.0,2.0,2.0
581.0,2.0,17.0,1.0,6.0,1.0,10.0,4.0,21.0,3.0,11.0,181.0,376.0,184.0,12.0,6.0,7.0,2.0,2.0,2.0,1.0
112.0,1.0,1.0,2.0,1.0,2.0,25.0,8.0,97.0,5.0,2.0,451.0,227.0,248.0,3.0,7.0,8.0,2.0,2.0,2.0,1.0
146.0,2.0,18.0,1.0,6.0,2.0,40.0,1.0,24.0,6.0,10.0,115.0,249.0,415.0,13.0,17.0,5.0,2.0,1.0,2.0,2.0
397.0,1.0,1.0,1.0,7.0,2.0,42.0,1.0,77.0,3.0,13.0,333.0,661.0,569.0,11.0,5.0,18.0,2.0,1.0,1.0,3.0
250.0,1.0,4.0,1.0,1.0,1.0,47.0,10.0,19.0,5.0,1.0,259.0,82.0,272.0,6.0,3.0,10.0,2.0,2.0,2.0,1.0
1.0,1.0,9.0,2.0,14.0,1.0,63.0,9.0,55.0,4.0,18.0,641.0,708.0,575.0,15.0,8.0,6.0,1.0,1.0,2.0,3.0
434.0,2.0,21.0,2.0,5.0,2.0,51.0,5.0,105.0,3.0,8.0,12.0,74.0,763.0,1.0,2.0,6.0,2.0,1.0,1.0,4.0
223.0,2.0,20.0,1.0,2.0,2.0,23.0,1.0,68.0,8.0,21.0,479.0,724.0,728.0,15.0,5.0,6.0,2.0,1.0,1.0,4.0
268.0,2.0,1.0,2.0,2.0,1.0,47.0,2.0,20.0,6.0,3.0,53.0,290.0,193.0,1.0,5.0,1.0,1.0,1.0,2.0,1.0
243.0,2.0,8.0,2.0,2.0,1.0,19.0,9.0,29.0,6.0,6.0,144.0,452.0,576.0,3.0,5.0,16.0,2.0,1.0,1.0,3.0
570.0,1.0,1.0,1.0,7.0,2.0,20.0,1.0,117.0,7.0,8.0,344.0,365.0,130.0,3.0,4.0,2.0,2.0,2.0,2.0,1.0
605.0,2.0,5.0,2.0,15.0,1.0,10.0,1.0,28.0,4.0,18.0,359.0,151.0,786.0,5.0,4.0,9.0,1.0,1.0,2.0,4.0
137.0,1.0,20.0,1.0,7.0,1.0,15.0,2.0,56.0,3.0,14.0,137.0,424.0,535.0,8.0,9.0,15.0,1.0,1.0,1.0,3.0
646.0,1.0,20.0,2.0,3.0,1.0,58.0,1.0,72.0,3.0,19.0,165.0,333.0,599.0,6.0,1.0,4.0,2.0,2.0,1.0,4.0
570.0,1.0,1.0,2.0,3.0,1.0,61.0,4.0,110.0,3.0,14.0,654.0,517.0,574.0,7.0,3.0,18.0,1.0,1.0,2.0,4.0
706.0,1.0,24.0,1.0,1.0,1.0,3.0,8.0,14.0,8.0,2.0,566.0,455.0,137.0,1.0,2.0,13.0,1.0,2.0,1.0,1.0
547.0,2.0,1.0,1.0,5.0,2.0,52.0,4.0,83.0,4.0,12.0,157.0,396.0,30.0,8.0,8.0,18.0,2.0,2.0,2.0,1.0
319.0,2.0,22.0,2.0,5.0,1.0,3.0,9.0,70.0,7.0,7.0,469.0,613.0,269.0,13.0,11.0,8.0,2.0,1.0,1.0,2.0
573.0,1.0,1.0,1.0,2.0,2.0,53.0,4.0,52.0,5.0,3.0,556.0,524.0,29.0,9.0,13.0,4.0,2.0,2.0,1.0,1.0
270.0,2.0,2.0,1.0,1.0,1.0,53.0,3.0,120.0,2.0,6.0,252.0,226.0,840.0,11.0,6.0,19.0,1.0,2.0,2.0,4.0
140.0,2.0,17.0,2.0,3.0,2.0,28.0,7.0,27.0,6.0,12.0,295.0,741.0,80.0,7.0,3.0,1.0,2.0,2.0,2.0,1.0
457.0,1.0,25.0,1.0,3.0,1.0,57.0,2.0,49.0,4.0,4.0,230.0,237.0,397.0,11.0,2.0,8.0,1.0,2.0,1.0,2.0
119.0,2.0,26.0,1.0,15.0,1.0,55.0,7.0,24.0,8.0,21.0,80.0,586.0,99.0,13.0,3.0,10.0,2.0,1.0,1.0,1.0
426.0,2.0,12.0,2.0,7.0,2.0,43.0,1.0,95.0,7.0,9.0,345.0,311.0,553.0,5.0,4.0,17.0,2.0,1.0,2.0,3.0
519.0,1.0,24.0,2.0,1.0,1.0,44.0,10.0,117.0,8.0,8.0,526.0,287.0,442.0,8.0,10.0,18.0,1.0,1.0,2.0,3.0
437.0,2.0,18.0,2.0,1.0,1.0,48.0,7.0,110.0,1.0,1.0,400.0,615.0,251.0,9.0,4.0,12.0,2.0,2.0,2.0,2.0
267.0,1.0,25.0,2.0,3.0,1.0,56.0,7.0,4.0,6.0,6.0,410.0,230.0,667.0,12.0,14.0,8.0,2.0,1.0,1.0,4.0
491.0,1.0,11.0,1.0,13.0,1.0,42.0,1.0,104.0,1.0,15.0,464.0,551.0,152.0,1.0,1.0,6.0,1.0,2.0,2.0,1.0
245.0,1.0,1.0,1.0,16.0,1.0,19.0,4.0,74.0,1.0,17.0,43.0,225.0,782.0,13.0,6.0,9.0,2.0,2.0,1.0,4.0
270.0,2.0,1.0,2.0,4.0,1.0,40.0,8.0,37.0,3.0,19.0,175.0,53.0,182.0,8.0,8.0,17.0,1.0,1.0,2.0,1.0
363.0,2.0,10.0,1.0,4.0,2.0,8.0,9.0,14.0,5.0,8.0,262.0,399.0,865.0,10.0,10.0,14.0,2.0,1.0,1.0,4.0
384.0,2.0,16.0,1.0,16.0,2.0,6.0,9.0,64.0,1.0,17.0,170.0,108.0,336.0,8.0,8.0,12.0,2.0,2.0,1.0,2.0
616.0,1.0,1.0,1.0,9.0,1.0,27.0,3.0,92.0,4.0,10.0,565.0,574.0,437.0,11.0,14.0,1.0,2.0,1.0,1.0,3.0
324.0,2.0,10.0,2.0,8.0,2.0,50.0,1.0,98.0,7.0,20.0,290.0,115.0,17.0,10.0,7.0,12.0,2.0,1.0,2.0,1.0
101.0,2.0,20.0,1.0,2.0,2.0,26.0,1.0,59.0,1.0,7.0,32.0,662.0,69.0,8.0,5.0,10.0,2.0,2.0,2.0,1.0
226.0,2.0,6.0,1.0,6.0,2.0,14.0,4.0,40.0,5.0,10.0,74.0,219.0,633.0,11.0,1.0,14.0,2.0,2.0,2.0,3.0
394.0,2.0,26.0,2.0,2.0,2.0,62.0,3.0,78.0,6.0,9.0,248.0,393.0,255.0,9.0,3.0,9.0,2.0,2.0,2.0,2.0
683.0,2.0,17.0,1.0,1.0,1.0,4.0,9.0,60.0,6.0,2.0,339.0,351.0,606.0,11.0,11.0,7.0,1.0,1.0,1.0,4.0
475.0,2.0,13.0,1.0,2.0,1.0,14.0,4.0,99.0,8.0,6.0,640.0,466.0,541.0,14.0,14.0,7.0,2.0,2.0,2.0,3.0
604.0,1.0,1.0,2.0,10.0,1.0,57.0,2.0,22.0,2.0,13.0,287.0,58.0,734.0,13.0,1.0,8.0,2.0,2.0,1.0,4.0
159.0,1.0,18.0,1.0,1.0,2.0,30.0,3.0,118.0,3.0,2.0,655.0,531.0,306.0,4.0,2.0,4.0,2.0,2.0,1.0,2.0
625.0,1.0,7.0,2.0,2.0,2.0,40.0,2.0,67.0,2.0,11.0,62.0,57.0,371.0,10.0,2.0,19.0,2.0,2.0,2.0,2.0
424.0,1.0,2.0,1.0,1.0,2.0,63.0,10.0,12.0,3.0,3.0,106.0,36.0,811.0,14.0,7.0,18.0,2.0,2.0,1.0,4.0
335.0,2.0,10.0,1.0,2.0,1.0,31.0,8.0,118.0,1.0,5.0,472.0,475.0,100.0,8.0,7.0,15.0,1.0,1.0,2.0,1.0
203.0,2.0,9.0,1.0,1.0,1.0,52.0,2.0,87.0,5.0,2.0,411.0,409.0,92.0,8.0,7.0,6.0,2.0,1.0,2.0,1.0
387.0,2.0,1.0,2.0,3.0,1.0,6.0,10.0,113.0,5.0,4.0,184.0,44.0,646.0,6.0,3.0,3.0,2.0,2.0,2.0,3.0
366.0,2.0,1.0,1.0,1.0,1.0,27.0,4.0,112.0,7.0,6.0,481.0,462.0,696.0,12.0,4.0,14.0,1.0,2.0,1.0,4.0
210.0,1.0,6.0,2.0,6.0,2.0,39.0,8.0,49.0,7.0,16.0,426.0,349.0,824.0,9.0,1.0,1.0,2.0,2.0,2.0,4.0
258.0,1.0,13.0,2.0,1.0,2.0,4.0,7.0,98.0,3.0,9.0,473.0,674.0,365.0,6.0,6.0,10.0,2.0,1.0,2.0,2.0
648.0,2.0,4.0,1.0,1.0,2.0,25.0,8.0,82.0,4.0,1.0,511.0,409.0,753.0,4.0,8.0,18.0,2.0,2.0,2.0,4.0
588.0,1.0,1.0,2.0,5.0,1.0,53.0,7.0,14.0,3.0,8.0,168.0,316.0,327.0,15.0,6.0,16.0,1.0,2.0,1.0,2.0
705.0,1.0,18.0,2.0,5.0,2.0,4.0,9.0,16.0,3.0,20.0,503.0,638.0,97.0,6.0,2.0,9.0,2.0,2.0,2.0,2.0
662.0,1.0,19.0,2.0,5.0,1.0,34.0,9.0,36.0,2.0,8.0,109.0,375.0,678.0,3.0,6.0,14.0,2.0,1.0,1.0,4.0
522.0,1.0,15.0,1.0,1.0,1.0,12.0,4.0,32.0,6.0,2.0,416.0,331.0,493.0,15.0,1.0,2.0,2.0,1.0,2.0,3.0
51.0,2.0,23.0,1.0,1.0,2.0,41.0,2.0,56.0,8.0,1.0,408.0,127.0,383.0,10.0,11.0,10.0,2.0,1.0,1.0,2.0
31.0,2.0,17.0,1.0,12.0,2.0,36.0,6.0,42.0,4.0,15.0,144.0,24.0,698.0,11.0,10.0,6.0,2.0,2.0,1.0,3.0
709.0,2.0,12.0,2.0,11.0,1.0,33.0,1.0,38.0,5.0,21.0,492.0,511.0,814.0,7.0,5.0,13.0,2.0,1.0,2.0,4.0
341.0,2.0,17.0,1.0,1.0,2.0,17.0,6.0,81.0,6.0,3.0,356.0,282.0,773.0,2.0,6.0,4.0,2.0,1.0,1.0,4.0
444.0,2.0,4.0,2.0,8.0,2.0,9.0,3.0,29.0,4.0,17.0,358.0,603.0,839.0,9.0,1.0,8.0,2.0,2.0,2.0,4.0
527.0,2.0,13.0,2.0,1.0,1.0,56.0,9.0,10.0,1.0,2.0,209.0,143.0,316.0,10.0,10.0,13.0,2.0,1.0,2.0,2.0
568.0,1.0,18.0,1.0,6.0,2.0,10.0,1.0,72.0,3.0,8.0,598.0,433.0,74.0,1.0,3.0,9.0,2.0,2.0,1.0,1.0
61.0,2.0,1.0,1.0,1.0,2.0,25.0,5.0,27.0,8.0,3.0,217.0,8.0,367.0,9.0,11.0,11.0,2.0,2.0,2.0,2.0
660.0,1.0,3.0,2.0,2.0,1.0,5.0,9.0,66.0,6.0,5.0,75.0,400.0,409.0,4.0,1.0,8.0,2.0,1.0,2.0,3.0
153.0,2.0,1.0,1.0,6.0,2.0,15.0,1.0,84.0,1.0,11.0,369.0,643.0,709.0,11.0,6.0,15.0,2.0,1.0,1.0,4.0
74.0,1.0,12.0,2.0,1.0,2.0,6.0,6.0,50.0,1.0,7.0,603.0,449.0,428.0,15.0,11.0,19.0,2.0,2.0,2.0,2.0
111.0,1.0,7.0,1.0,3.0,1.0,26.0,7.0,66.0,2.0,10.0,60.0,327.0,407.0,9.0,7.0,10.0,1.0,2.0,1.0,2.0
428.0,2.0,5.0,1.0,3.0,2.0,57.0,6.0,105.0,4.0,21.0,397.0,340.0,860.0,12.0,10.0,8.0,2.0,1.0,1.0,4.0
616.0,2.0,10.0,1.0,2.0,2.0,2.0,3.0,46.0,5.0,6.0,647.0,570.0,419.0,6.0,6.0,7.0,2.0,1.0,2.0,3.0
596.0,2.0,5.0,2.0,6.0,2.0,34.0,3.0,58.0,7.0,10.0,486.0,512.0,106.0,13.0,5.0,6.0,2.0,1.0,1.0,1.0
290.0,1.0,21.0,1.0,12.0,1.0,6.0,5.0,37.0,6.0,15.0,351.0,673.0,703.0,14.0,1.0,15.0,2.0,1.0,1.0,4.0
192.0,1.0,13.0,2.0,1.0,2.0,2.0,1.0,86.0,8.0,1.0,102.0,356.0,230.0,10.0,12.0,8.0,2.0,1.0,2.0,1.0
189.0,1.0,4.0,1.0,4.0,1.0,28.0,5.0,12.0,6.0,11.0,81.0,163.0,312.0,12.0,7.0,12.0,2.0,1.0,1.0,2.0
580.0,1.0,12.0,2.0,10.0,2.0,58.0,5.0,107.0,8.0,20.0,512.0,374.0,517.0,14.0,11.0,10.0,2.0,2.0,2.0,3.0
443.0,2.0,2.0,1.0,6.0,1.0,37.0,3.0,88.0,6.0,17.0,478.0,485.0,162.0,1.0,5.0,5.0,2.0,2.0,1.0,1.0
138.0,1.0,14.0,2.0,3.0,1.0,27.0,5.0,119.0,1.0,8.0,3.0,278.0,18.0,10.0,3.0,1.0,2.0,1.0,2.0,1.0
564.0,1.0,8.0,2.0,5.0,1.0,13.0,9.0,41.0,2.0,15.0,490.0,467.0,869.0,15.0,4.0,9.0,1.0,2.0,2.0,4.0
84.0,2.0,22.0,2.0,19.0,2.0,9.0,6.0,92.0,5.0,21.0,611.0,670.0,572.0,2.0,3.0,9.0,2.0,1.0,1.0,3.0
454.0,2.0,17.0,1.0,2.0,1.0,50.0,8.0,99.0,4.0,19.0,350.0,427.0,712.0,4.0,3.0,7.0,2.0,2.0,1.0,4.0
529.0,1.0,16.0,2.0,6.0,1.0,43.0,1.0,19.0,1.0,9.0,403.0,338.0,614.0,4.0,4.0,18.0,2.0,2.0,2.0,4.0
537.0,2.0,2.0,2.0,15.0,1.0,58.0,7.0,81.0,7.0,17.0,130.0,299.0,547.0,8.0,4.0,19.0,2.0,1.0,1.0,3.0
562.0,2.0,15.0,1.0,11.0,1.0,36.0,3.0,115.0,7.0,16.0,277.0,175.0,240.0,3.0,2.0,7.0,1.0,2.0,2.0,2.0
687.0,1.0,23.0,1.0,10.0,2.0,47.0,1.0,49.0,4.0,19.0,260.0,180.0,721.0,3.0,7.0,1.0,2.0,1.0,2.0,4.0
548.0,2.0,2.0,1.0,1.0,1.0,61.0,3.0,2.0,3.0,16.0,613.0,710.0,527.0,1.0,3.0,9.0,1.0,1.0,1.0,4.0
571.0,1.0,1.0,2.0,2.0,1.0,32.0,8.0,110.0,5.0,3.0,213.0,316.0,500.0,5.0,9.0,2.0,1.0,1.0,2.0,3.0
505.0,2.0,16.0,1.0,2.0,2.0,28.0,6.0,92.0,5.0,3.0,322.0,484.0,745.0,6.0,2.0,13.0,2.0,2.0,1.0,4.0
60.0,1.0,15.0,1.0,5.0,1.0,7.0,2.0,106.0,2.0,7.0,14.0,443.0,525.0,11.0,11.0,13.0,1.0,2.0,2.0,3.0
592.0,2.0,16.0,2.0,1.0,1.0,13.0,4.0,77.0,5.0,3.0,529.0,622.0,478.0,4.0,1.0,9.0,2.0,1.0,2.0,3.0
429.0,1.0,13.0,1.0,2.0,1.0,5.0,7.0,34.0,1.0,8.0,267.0,582.0,231.0,3.0,4.0,2.0,1.0,1.0,2.0,2.0
670.0,2.0,4.0,2.0,16.0,1.0,13.0,4.0,112.0,4.0,17.0,582.0,411.0,322.0,1.0,2.0,13.0,1.0,1.0,2.0,3.0
167.0,2.0,2.0,1.0,1.0,1.0,30.0,7.0,44.0,5.0,2.0,175.0,129.0,196.0,11.0,7.0,17.0,2.0,2.0,1.0,1.0
458.0,2.0,16.0,2.0,1.0,2.0,15.0,2.0,92.0,4.0,2.0,384.0,130.0,607.0,2.0,4.0,9.0,2.0,2.0,1.0,3.0
131.0,2.0,1.0,2.0,2.0,1.0,44.0,1.0,96.0,4.0,17.0,572.0,430.0,861.0,2.0,2.0,11.0,2.0,2.0,1.0,4.0
649.0,2.0,15.0,2.0,10.0,2.0,14.0,5.0,81.0,3.0,15.0,246.0,111.0,281.0,3.0,2.0,12.0,2.0,2.0,1.0,2.0
193.0,2.0,1.0,1.0,12.0,2.0,63.0,7.0,70.0,4.0,13.0,100.0,109.0,167.0,9.0,6.0,1.0,2.0,2.0,1.0,1.0
587.0,1.0,19.0,2.0,1.0,1.0,37.0,2.0,57.0,7.0,9.0,49.0,706.0,113.0,4.0,3.0,6.0,2.0,2.0,2.0,1.0
496.0,2.0,24.0,1.0,4.0,1.0,41.0,2.0,8.0,1.0,14.0,616.0,543.0,688.0,6.0,3.0,7.0,1.0,2.0,1.0,4.0
353.0,2.0,19.0,1.0,1.0,1.0,62.0,9.0,62.0,6.0,5.0,35.0,625.0,173.0,10.0,7.0,19.0,2.0,1.0,1.0,1.0
658.0,2.0,14.0,2.0,2.0,2.0,9.0,5.0,119.0,8.0,5.0,680.0,594.0,766.0,15.0,17.0,16.0,2.0,1.0,2.0,4.0
249.0,1.0,1.0,2.0,15.0,1.0,60.0,8.0,95.0,7.0,16.0,222.0,239.0,219.0,7.0,11.0,15.0,2.0,2.0,2.0,1.0
327.0,1.0,26.0,2.0,13.0,2.0,39.0,1.0,93.0,5.0,19.0,445.0,363.0,278.0,11.0,15.0,17.0,2.0,2.0,1.0,2.0
612.0,1.0,1.0,2.0,8.0,1.0,32.0,3.0,64.0,5.0,14.0,452.0,325.0,395.0,12.0,10.0,19.0,2.0,1.0,1.0,3.0
378.0,1.0,20.0,2.0,12.0,2.0,53.0,6.0,21.0,5.0,15.0,11.0,684.0,58.0,8.0,6.0,14.0,2.0,1.0,1.0,1.0
698.0,1.0,8.0,2.0,11.0,2.0,4.0,8.0,77.0,4.0,12.0,465.0,620.0,423.0,3.0,4.0,9.0,2.0,2.0,2.0,3.0
247.0,1.0,12.0,2.0,11.0,1.0,26.0,3.0,83.0,4.0,15.0,64.0,138.0,843.0,11.0,10.0,12.0,2.0,1.0,2.0,4.0
198.0,2.0,13.0,1.0,2.0,2.0,12.0,3.0,47.0,5.0,3.0,393.0,133.0,363.0,9.0,7.0,10.0,2.0,1.0,2.0,2.0
707.0,1.0,1.0,2.0,16.0,1.0,53.0,3.0,57.0,3.0,20.0,374.0,395.0,668.0,8.0,2.0,19.0,2.0,2.0,2.0,4.0
670.0,1.0,1.0,2.0,1.0,2.0,54.0,3.0,14.0,4.0,1.0,632.0,735.0,352.0,3.0,5.0,10.0,2.0,1.0,2.0,3.0
547.0,2.0,4.0,2.0,2.0,2.0,39.0,1.0,80.0,3.0,4.0,108.0,43.0,560.0,11.0,10.0,2.0,2.0,1.0,2.0,3.0
295.0,2.0,14.0,2.0,10.0,1.0,46.0,3.0,73.0,6.0,16.0,200.0,667.0,239.0,8.0,3.0,11.0,1.0,1.0,2.0,2.0
285.0,1.0,3.0,1.0,1.0,2.0,60.0,6.0,38.0,4.0,12.0,179.0,631.0,570.0,3.0,2.0,11.0,2.0,1.0,2.0,3.0
77.0,1.0,23.0,2.0,1.0,2.0,47.0,2.0,85.0,2.0,1.0,178.0,4.0,198.0,1.0,1.0,13.0,2.0,1.0,1.0,1.0
442.0,2.0,23.0,2.0,8.0,1.0,7.0,8.0,71.0,3.0,10.0,132.0,254.0,120.0,11.0,8.0,3.0,1.0,2.0,2.0,1.0
542.0,2.0,7.0,1.0,3.0,2.0,44.0,8.0,53.0,4.0,4.0,17.0,367.0,36.0,14.0,14.0,18.0,2.0,1.0,1.0,1.0
357.0,1.0,25.0,1.0,14.0,1.0,34.0,5.0,49.0,3.0,18.0,619.0,480.0,224.0,8.0,5.0,14.0,1.0,1.0,1.0,2.0
414.0,2.0,20.0,2.0,1.0,1.0,47.0,9.0,28.0,6.0,3.0,448.0,303.0,681.0,6.0,6.0,14.0,1.0,1.0,1.0,4.0
330.0,2.0,7.0,2.0,1.0,2.0,10.0,5.0,19.0,2.0,2.0,667.0,562.0,418.0,13.0,11.0,3.0,2.0,1.0,2.0,3.0
381.0,1.0,11.0,2.0,2.0,1.0,50.0,7.0,101.0,4.0,20.0,227.0,639.0,144.0,11.0,7.0,11.0,2.0,2.0,1.0,1.0
494.0,2.0,8.0,1.0,8.0,2.0,31.0,5.0,49.0,4.0,13.0,567.0,532.0,101.0,15.0,4.0,17.0,2.0,1.0,2.0,1.0
242.0,1.0,3.0,2.0,8.0,2.0,15.0,4.0,65.0,8.0,10.0,141.0,67.0,11.0,4.0,6.0,6.0,2.0,1.0,2.0,1.0
167.0,1.0,1.0,2.0,2.0,2.0,40.0,2.0,92.0,2.0,3.0,216.0,253.0,857.0,2.0,4.0,2.0,2.0,2.0,1.0,4.0
673.0,2.0,1.0,2.0,9.0,1.0,13.0,5.0,16.0,4.0,14.0,352.0,166.0,414.0,4.0,1.0,5.0,1.0,2.0,2.0,3.0
147.0,2.0,18.0,2.0,1.0,1.0,15.0,1.0,26.0,1.0,1.0,122.0,120.0,274.0,13.0,13.0,17.0,2.0,1.0,1.0,1.0
446.0,2.0,15.0,2.0,2.0,1.0,55.0,3.0,74.0,1.0,16.0,79.0,56.0,660.0,13.0,3.0,18.0,2.0,2.0,1.0,4.0
139.0,2.0,11.0,2.0,1.0,2.0,21.0,5.0,84.0,4.0,7.0,557.0,610.0,810.0,9.0,11.0,11.0,2.0,1.0,2.0,4.0
41.0,2.0,7.0,1.0,7.0,2.0,57.0,2.0,46.0,1.0,10.0,431.0,578.0,263.0,14.0,10.0,9.0,2.0,1.0,1.0,2.0
255.0,1.0,3.0,2.0,5.0,2.0,27.0,5.0,116.0,8.0,6.0,70.0,176.0,704.0,10.0,3.0,6.0,2.0,2.0,1.0,3.0
13.0,2.0,1.0,2.0,1.0,1.0,46.0,5.0,14.0,3.0,3.0,255.0,207.0,742.0,15.0,9.0,1.0,2.0,2.0,2.0,4.0
392.0,2.0,14.0,1.0,2.0,1.0,63.0,6.0,46.0,7.0,15.0,105.0,23.0,566.0,5.0,4.0,13.0,1.0,1.0,2.0,3.0
656.0,2.0,1.0,1.0,5.0,1.0,9.0,9.0,44.0,8.0,7.0,80.0,55.0,867.0,2.0,1.0,6.0,1.0,1.0,2.0,4.0
606.0,1.0,23.0,1.0,12.0,2.0,47.0,9.0,11.0,7.0,18.0,243.0,40.0,296.0,15.0,11.0,19.0,2.0,2.0,2.0,2.0
577.0,1.0,18.0,2.0,2.0,2.0,12.0,6.0,112.0,6.0,7.0,46.0,7.0,845.0,12.0,14.0,2.0,2.0,1.0,2.0,4.0
566.0,1.0,9.0,2.0,1.0,1.0,27.0,9.0,6.0,3.0,2.0,612.0,406.0,773.0,14.0,3.0,5.0,2.0,1.0,2.0,4.0
49.0,1.0,21.0,2.0,4.0,1.0,8.0,2.0,66.0,4.0,11.0,330.0,111.0,571.0,13.0,7.0,4.0,1.0,2.0,1.0,3.0
121.0,1.0,1.0,1.0,10.0,2.0,52.0,3.0,70.0,2.0,11.0,375.0,282.0,613.0,5.0,4.0,12.0,2.0,2.0,2.0,3.0
645.0,1.0,18.0,2.0,10.0,1.0,40.0,8.0,54.0,8.0,14.0,19.0,9.0,639.0,4.0,2.0,9.0,2.0,2.0,2.0,3.0
396.0,1.0,1.0,2.0,13.0,1.0,16.0,1.0,117.0,1.0,15.0,313.0,158.0,789.0,15.0,5.0,11.0,1.0,2.0,2.0,4.0
576.0,1.0,14.0,2.0,11.0,2.0,43.0,2.0,58.0,5.0,14.0,395.0,457.0,685.0,1.0,4.0,19.0,2.0,1.0,1.0,4.0
703.0,1.0,1.0,1.0,12.0,2.0,22.0,6.0,56.0,5.0,17.0,493.0,606.0,16.0,12.0,1.0,2.0,2.0,1.0,2.0,1.0
441.0,2.0,1.0,2.0,7.0,1.0,62.0,5.0,102.0,2.0,10.0,323.0,471.0,830.0,8.0,9.0,12.0,1.0,2.0,1.0,4.0
367.0,2.0,17.0,2.0,3.0,2.0,11.0,1.0,91.0,2.0,4.0,188.0,431.0,225.0,7.0,1.0,5.0,2.0,2.0,1.0,1.0
187.0,2.0,1.0,2.0,3.0,1.0,26.0,3.0,113.0,2.0,7.0,494.0,522.0,741.0,5.0,5.0,13.0,1.0,2.0,1.0,4.0
636.0,1.0,1.0,1.0,3.0,2.0,53.0,6.0,19.0,3.0,21.0,214.0,323.0,309.0,3.0,1.0,11.0,2.0,1.0,1.0,2.0
431.0,1.0,2.0,1.0,4.0,2.0,41.0,7.0,45.0,6.0,11.0,43.0,743.0,680.0,14.0,6.0,8.0,2.0,2.0,2.0,4.0
457.0,2.0,6.0,1.0,8.0,1.0,10.0,7.0,71.0,4.0,9.0,237.0,158.0,387.0,3.0,6.0,1.0,2.0,2.0,1.0,2.0
102.0,1.0,1.0,2.0,11.0,2.0,3.0,8.0,111.0,5.0,19.0,124.0,231.0,806.0,8.0,8.0,19.0,2.0,2.0,2.0,4.0
72.0,1.0,15.0,1.0,1.0,1.0,50.0,6.0,100.0,4.0,13.0,575.0,435.0,738.0,7.0,6.0,17.0,1.0,2.0,2.0,4.0
308.0,2.0,4.0,1.0,4.0,2.0,6.0,10.0,43.0,3.0,19.0,305.0,62.0,169.0,9.0,5.0,6.0,2.0,1.0,2.0,1.0
406.0,2.0,1.0,2.0,12.0,2.0,5.0,2.0,85.0,1.0,15.0,532.0,671.0,305.0,7.0,10.0,13.0,2.0,1.0,2.0,2.0
141.0,1.0,4.0,1.0,8.0,1.0,47.0,5.0,65.0,4.0,17.0,209.0,197.0,295.0,11.0,3.0,19.0,1.0,2.0,2.0,2.0
204.0,2.0,23.0,1.0,8.0,1.0,24.0,9.0,70.0,7.0,9.0,109.0,678.0,794.0,2.0,3.0,1.0,2.0,1.0,2.0,4.0
209.0,2.0,1.0,2.0,8.0,2.0,12.0,10.0,67.0,7.0,9.0,130.0,597.0,328.0,11.0,3.0,4.0,2.0,1.0,1.0,2.0
130.0,2.0,1.0,2.0,5.0,1.0,29.0,8.0,21.0,5.0,9.0,437.0,720.0,754.0,5.0,2.0,3.0,2.0,1.0,2.0,4.0
593.0,1.0,22.0,1.0,10.0,1.0,38.0,5.0,56.0,8.0,11.0,55.0,721.0,373.0,9.0,13.0,7.0,2.0,2.0,1.0,3.0
404.0,1.0,1.0,1.0,1.0,2.0,14.0,4.0,55.0,1.0,1.0,271.0,65.0,852.0,4.0,5.0,7.0,2.0,1.0,2.0,4.0
439.0,1.0,10.0,2.0,5.0,2.0,30.0,6.0,105.0,1.0,15.0,626.0,459.0,27.0,4.0,3.0,11.0,2.0,1.0,1.0,1.0
709.0,1.0,21.0,2.0,2.0,1.0,35.0,3.0,15.0,4.0,3.0,77.0,465.0,40.0,5.0,8.0,14.0,1.0,2.0,1.0,1.0
35.0,1.0,1.0,2.0,2.0,2.0,52.0,10.0,91.0,8.0,21.0,251.0,513.0,221.0,13.0,11.0,9.0,2.0,2.0,1.0,1.0
685.0,1.0,9.0,1.0,3.0,1.0,56.0,2.0,72.0,1.0,10.0,378.0,298.0,110.0,12.0,11.0,7.0,1.0,1.0,2.0,1.0
112.0,2.0,1.0,1.0,11.0,1.0,60.0,8.0,29.0,3.0,18.0,156.0,4.0,649.0,3.0,7.0,11.0,1.0,1.0,2.0,3.0
566.0,1.0,18.0,1.0,1.0,1.0,50.0,8.0,51.0,8.0,16.0,393.0,287.0,56.0,2.0,5.0,6.0,1.0,1.0,2.0,1.0
106.0,2.0,10.0,1.0,2.0,2.0,32.0,2.0,7.0,4.0,6.0,99.0,150.0,271.0,11.0,1.0,9.0,2.0,1.0,1.0,1.0
530.0,2.0,1.0,2.0,9.0,2.0,36.0,10.0,16.0,8.0,10.0,649.0,545.0,338.0,11.0,11.0,4.0,2.0,2.0,1.0,3.0
645.0,2.0,24.0,1.0,1.0,1.0,17.0,1.0,53.0,8.0,4.0,350.0,432.0,367.0,11.0,1.0,8.0,2.0,2.0,1.0,2.0
474.0,2.0,3.0,2.0,5.0,2.0,40.0,10.0,66.0,3.0,7.0,147.0,61.0,281.0,4.0,2.0,15.0,2.0,2.0,2.0,2.0
651.0,1.0,3.0,2.0,2.0,2.0,42.0,2.0,88.0,5.0,4.0,569.0,473.0,374.0,5.0,4.0,6.0,2.0,2.0,2.0,3.0
500.0,2.0,22.0,2.0,1.0,2.0,45.0,8.0,37.0,8.0,14.0,33.0,95.0,637.0,2.0,5.0,3.0,2.0,2.0,1.0,3.0
75.0,2.0,24.0,2.0,5.0,1.0,36.0,8.0,95.0,6.0,12.0,229.0,558.0,603.0,12.0,9.0,15.0,1.0,1.0,1.0,3.0
23.0,1.0,14.0,2.0,7.0,2.0,54.0,9.0,21.0,6.0,13.0,275.0,476.0,98.0,8.0,4.0,9.0,2.0,2.0,2.0,1.0
449.0,2.0,10.0,2.0,2.0,1.0,5.0,9.0,66.0,8.0,4.0,346.0,103.0,361.0,5.0,2.0,18.0,1.0,2.0,1.0,2.0
259.0,1.0,11.0,2.0,4.0,2.0,30.0,1.0,18.0,7.0,11.0,117.0,405.0,192.0,14.0,16.0,16.0,2.0,2.0,2.0,1.0
34.0,1.0,10.0,2.0,15.0,1.0,59.0,1.0,32.0,2.0,16.0,92.0,404.0,200.0,13.0,17.0,3.0,2.0,1.0,2.0,1.0
703.0,2.0,22.0,2.0,5.0,1.0,61.0,10.0,12.0,8.0,11.0,630.0,678.0,587.0,9.0,8.0,9.0,2.0,1.0,1.0,4.0
555.0,1.0,16.0,2.0,9.0,2.0,60.0,1.0,101.0,3.0,21.0,242.0,289.0,589.0,3.0,2.0,4.0,2.0,1.0,2.0,3.0
291.0,2.0,26.0,2.0,3.0,2.0,51.0,3.0,85.0,7.0,5.0,55.0,45.0,268.0,15.0,17.0,14.0,2.0,2.0,2.0,1.0
20.0,2.0,3.0,1.0,3.0,2.0,11.0,2.0,106.0,2.0,4.0,682.0,727.0,737.0,13.0,3.0,3.0,2.0,2.0,2.0,4.0
139.0,1.0,12.0,2.0,7.0,2.0,51.0,1.0,17.0,1.0,21.0,302.0,455.0,385.0,10.0,1.0,18.0,2.0,2.0,1.0,2.0
39.0,2.0,21.0,2.0,11.0,1.0,56.0,7.0,100.0,5.0,16.0,523.0,560.0,510.0,7.0,6.0,11.0,1.0,2.0,1.0,3.0
222.0,2.0,12.0,1.0,6.0,2.0,40.0,5.0,109.0,3.0,21.0,118.0,119.0,612.0,6.0,8.0,19.0,2.0,1.0,1.0,3.0
7.0,2.0,4.0,1.0,4.0,2.0,16.0,5.0,54.0,3.0,8.0,316.0,136.0,447.0,3.0,4.0,6.0,2.0,2.0,2.0,2.0
718.0,2.0,15.0,1.0,5.0,1.0,54.0,3.0,2.0,7.0,9.0,474.0,562.0,366.0,4.0,3.0,3.0,1.0,2.0,2.0,3.0
344.0,1.0,25.0,1.0,7.0,2.0,37.0,1.0,4.0,6.0,18.0,661.0,706.0,762.0,9.0,10.0,15.0,2.0,1.0,1.0,4.0
253.0,2.0,21.0,2.0,10.0,1.0,13.0,7.0,107.0,1.0,13.0,195.0,73.0,387.0,13.0,7.0,8.0,2.0,2.0,1.0,2.0
563.0,2.0,11.0,1.0,3.0,2.0,3.0,1.0,54.0,4.0,4.0,196.0,15.0,288.0,12.0,16.0,11.0,2.0,1.0,2.0,2.0
377.0,1.0,10.0,2.0,8.0,2.0,63.0,1.0,37.0,7.0,17.0,24.0,254.0,644.0,1.0,2.0,3.0,2.0,2.0,2.0,3.0
31.0,1.0,9.0,2.0,14.0,1.0,28.0,10.0,81.0,1.0,20.0,483.0,332.0,584.0,12.0,2.0,6.0,2.0,1.0,1.0,3.0
194.0,1.0,20.0,1.0,6.0,2.0,54.0,6.0,79.0,4.0,14.0,301.0,135.0,398.0,2.0,2.0,15.0,2.0,1.0,1.0,2.0
638.0,2.0,17.0,1.0,2.0,2.0,54.0,1.0,58.0,3.0,11.0,375.0,328.0,490.0,11.0,4.0,7.0,2.0,1.0,2.0,3.0
90.0,1.0,8.0,2.0,9.0,1.0,12.0,8.0,8.0,3.0,18.0,170.0,63.0,7.0,8.0,11.0,17.0,1.0,1.0,2.0,1.0
93.0,1.0,2.0,2.0,14.0,2.0,13.0,4.0,106.0,2.0,17.0,397.0,544.0,294.0,15.0,5.0,18.0,2.0,2.0,2.0,2.0
173.0,1.0,25.0,1.0,12.0,2.0,51.0,8.0,40.0,6.0,14.0,541.0,510.0,242.0,3.0,1.0,19.0,2.0,1.0,1.0,2.0
7.0,2.0,23.0,1.0,1.0,2.0,44.0,7.0,80.0,6.0,16.0,316.0,122.0,214.0,6.0,10.0,8.0,2.0,2.0,1.0,1.0
479.0,1.0,14.0,1.0,1.0,2.0,1.0,1.0,45.0,4.0,1.0,420.0,140.0,716.0,13.0,7.0,1.0,2.0,1.0,1.0,4.0
218.0,1.0,20.0,1.0,1.0,1.0,34.0,5.0,48.0,3.0,2.0,7.0,114.0,573.0,5.0,5.0,9.0,2.0,2.0,1.0,3.0
390.0,1.0,1.0,2.0,7.0,1.0,47.0,5.0,97.0,6.0,10.0,470.0,229.0,207.0,7.0,9.0,16.0,2.0,2.0,1.0,1.0
152.0,2.0,6.0,2.0,14.0,2.0,39.0,8.0,61.0,4.0,18.0,577.0,644.0,52.0,15.0,7.0,13.0,2.0,1.0,2.0,1.0
148.0,1.0,22.0,2.0,3.0,1.0,48.0,6.0,26.0,1.0,19.0,353.0,223.0,453.0,12.0,2.0,6.0,2.0,1.0,2.0,2.0
660.0,2.0,22.0,1.0,3.0,2.0,49.0,1.0,90.0,5.0,4.0,180.0,31.0,49.0,13.0,9.0,9.0,2.0,1.0,2.0,1.0
329.0,1.0,1.0,1.0,6.0,2.0,1.0,9.0,62.0,7.0,13.0,272.0,147.0,116.0,15.0,6.0,3.0,2.0,1.0,1.0,1.0
607.0,2.0,16.0,1.0,8.0,1.0,17.0,9.0,6.0,4.0,9.0,432.0,525.0,212.0,3.0,5.0,9.0,2.0,1.0,1.0,2.0
719.0,1.0,17.0,1.0,11.0,2.0,59.0,7.0,5.0,8.0,17.0,561.0,580.0,132.0,13.0,16.0,7.0,2.0,1.0,2.0,2.0
245.0,2.0,22.0,2.0,2.0,1.0,13.0,2.0,69.0,4.0,12.0,289.0,286.0,71.0,9.0,11.0,12.0,1.0,2.0,2.0,1.0
429.0,2.0,2.0,2.0,1.0,2.0,55.0,5.0,45.0,6.0,4.0,488.0,296.0,171.0,1.0,5.0,14.0,2.0,1.0,1.0,1.0
172.0,1.0,1.0,1.0,1.0,1.0,63.0,8.0,26.0,7.0,2.0,638.0,685.0,91.0,11.0,2.0,11.0,1.0,2.0,1.0,1.0
597.0,1.0,14.0,1.0,1.0,1.0,44.0,1.0,31.0,2.0,3.0,546.0,461.0,476.0,7.0,10.0,15.0,2.0,1.0,2.0,3.0
339.0,1.0,2.0,2.0,1.0,2.0,3.0,7.0,13.0,8.0,1.0,391.0,391.0,508.0,10.0,13.0,19.0,2.0,2.0,2.0,3.0
453.0,2.0,14.0,1.0,13.0,1.0,2.0,9.0,66.0,1.0,14.0,528.0,348.0,858.0,5.0,8.0,1.0,1.0,1.0,1.0,4.0
79.0,2.0,20.0,1.0,1.0,2.0,37.0,10.0,15.0,8.0,2.0,264.0,390.0,523.0,15.0,3.0,7.0,2.0,1.0,1.0,3.0
332.0,2.0,19.0,2.0,1.0,2.0,31.0,8.0,18.0,2.0,2.0,674.0,626.0,756.0,13.0,8.0,9.0,2.0,2.0,2.0,4.0
10.0,2.0,22.0,2.0,2.0,2.0,63.0,8.0,121.0,4.0,12.0,324.0,286.0,146.0,2.0,6.0,11.0,2.0,2.0,2.0,1.0
82.0,1.0,7.0,1.0,2.0,2.0,27.0,9.0,100.0,1.0,14.0,95.0,470.0,830.0,3.0,6.0,8.0,2.0,2.0,2.0,4.0
149.0,2.0,11.0,1.0,1.0,1.0,24.0,3.0,95.0,2.0,4.0,296.0,25.0,294.0,11.0,14.0,2.0,2.0,1.0,1.0,1.0
254.0,2.0,25.0,1.0,1.0,1.0,38.0,9.0,82.0,6.0,6.0,317.0,351.0,776.0,10.0,2.0,17.0,2.0,1.0,2.0,4.0
242.0,1.0,24.0,1.0,1.0,2.0,25.0,1.0,1.0,8.0,10.0,1.0,343.0,236.0,3.0,6.0,7.0,2.0,1.0,1.0,1.0
553.0,1.0,16.0,1.0,1.0,1.0,22.0,6.0,113.0,2.0,2.0,331.0,74.0,370.0,7.0,10.0,12.0,2.0,2.0,1.0,2.0
440.0,2.0,1.0,1.0,1.0,2.0,52.0,2.0,35.0,5.0,2.0,517.0,497.0,197.0,4.0,1.0,16.0,2.0,1.0,2.0,2.0
271.0,2.0,1.0,2.0,12.0,1.0,12.0,1.0,69.0,3.0,21.0,60.0,34.0,333.0,13.0,8.0,6.0,2.0,2.0,2.0,2.0
202.0,2.0,7.0,2.0,6.0,2.0,43.0,9.0,37.0,3.0,17.0,477.0,306.0,480.0,4.0,6.0,6.0,2.0,1.0,2.0,2.0
90.0,1.0,22.0,1.0,2.0,1.0,28.0,9.0,83.0,3.0,8.0,601.0,406.0,86.0,11.0,6.0,3.0,2.0,2.0,2.0,1.0
356.0,2.0,7.0,2.0,2.0,2.0,33.0,10.0,59.0,6.0,4.0,666.0,618.0,629.0,9.0,6.0,2.0,2.0,2.0,1.0,4.0
361.0,1.0,17.0,2.0,5.0,2.0,43.0,4.0,28.0,3.0,18.0,436.0,276.0,580.0,9.0,4.0,7.0,2.0,1.0,2.0,3.0
293.0,2.0,23.0,1.0,9.0,1.0,62.0,5.0,59.0,8.0,10.0,340.0,725.0,771.0,9.0,3.0,12.0,1.0,1.0,2.0,4.0
43.0,1.0,1.0,1.0,10.0,2.0,32.0,9.0,57.0,5.0,19.0,681.0,634.0,684.0,8.0,10.0,12.0,2.0,1.0,1.0,4.0
527.0,2.0,6.0,2.0,9.0,2.0,48.0,5.0,36.0,2.0,15.0,305.0,352.0,233.0,8.0,3.0,6.0,2.0,2.0,1.0,2.0
713.0,2.0,24.0,2.0,4.0,1.0,33.0,4.0,84.0,3.0,17.0,586.0,735.0,592.0,3.0,7.0,19.0,2.0,2.0,2.0,4.0
598.0,1.0,1.0,2.0,10.0,1.0,50.0,8.0,105.0,7.0,20.0,413.0,145.0,356.0,14.0,18.0,14.0,1.0,2.0,1.0,2.0
197.0,2.0,23.0,1.0,9.0,1.0,52.0,7.0,77.0,2.0,14.0,9.0,691.0,747.0,4.0,6.0,11.0,2.0,1.0,1.0,4.0
474.0,1.0,1.0,1.0,4.0,2.0,52.0,7.0,24.0,1.0,5.0,238.0,101.0,396.0,10.0,1.0,13.0,2.0,2.0,2.0,2.0
202.0,2.0,9.0,1.0,6.0,1.0,9.0,8.0,94.0,4.0,9.0,28.0,251.0,800.0,5.0,9.0,14.0,1.0,2.0,1.0,4.0
456.0,2.0,4.0,2.0,3.0,1.0,30.0,9.0,107.0,1.0,21.0,495.0,248.0,515.0,3.0,7.0,9.0,1.0,1.0,1.0,3.0
297.0,2.0,25.0,2.0,4.0,1.0,4.0,5.0,62.0,5.0,8.0,56.0,75.0,291.0,11.0,3.0,10.0,2.0,2.0,1.0,2.0
111.0,2.0,1.0,1.0,1.0,1.0,35.0,8.0,25.0,4.0,1.0,158.0,6.0,540.0,13.0,7.0,15.0,1.0,1.0,2.0,3.0
448.0,1.0,3.0,2.0,5.0,1.0,31.0,1.0,38.0,1.0,6.0,154.0,24.0,503.0,12.0,11.0,3.0,1.0,1.0,2.0,3.0
78.0,2.0,4.0,2.0,5.0,1.0,44.0,1.0,8.0,1.0,7.0,457.0,368.0,460.0,11.0,13.0,9.0,1.0,2.0,1.0,2.0
565.0,2.0,4.0,1.0,1.0,1.0,13.0,9.0,39.0,1.0,3.0,33.0,450.0,343.0,9.0,1.0,17.0,2.0,2.0,2.0,2.0
290.0,1.0,1.0,1.0,11.0,1.0,34.0,6.0,46.0,7.0,18.0,325.0,388.0,46.0,3.0,6.0,5.0,2.0,1.0,2.0,1.0
178.0,2.0,7.0,1.0,3.0,2.0,47.0,9.0,117.0,2.0,4.0,298.0,350.0,99.0,13.0,10.0,17.0,2.0,1.0,2.0,1.0
282.0,1.0,1.0,1.0,1.0,1.0,24.0,6.0,110.0,6.0,2.0,427.0,245.0,197.0,1.0,2.0,18.0,1.0,1.0,2.0,1.0
362.0,1.0,11.0,1.0,4.0,1.0,32.0,1.0,85.0,8.0,17.0,350.0,696.0,303.0,6.0,4.0,19.0,2.0,2.0,2.0,2.0
699.0,2.0,23.0,1.0,1.0,2.0,1.0,2.0,13.0,3.0,12.0,513.0,447.0,422.0,10.0,8.0,7.0,2.0,2.0,1.0,3.0
73.0,2.0,11.0,1.0,13.0,1.0,47.0,8.0,108.0,4.0,15.0,511.0,384.0,302.0,4.0,7.0,18.0,2.0,2.0,2.0,2.0
470.0,2.0,25.0,1.0,1.0,1.0,37.0,3.0,9.0,1.0,8.0,263.0,57.0,201.0,10.0,11.0,9.0,2.0,2.0,2.0,1.0
263.0,1.0,5.0,1.0,7.0,2.0,28.0,1.0,34.0,1.0,8.0,106.0,65.0,813.0,1.0,5.0,11.0,2.0,1.0,1.0,4.0
169.0,2.0,15.0,2.0,18.0,2.0,25.0,5.0,15.0,6.0,19.0,68.0,161.0,647.0,15.0,18.0,19.0,2.0,1.0,1.0,3.0
122.0,2.0,18.0,1.0,7.0,2.0,51.0,9.0,117.0,4.0,8.0,161.0,51.0,292.0,3.0,6.0,17.0,2.0,2.0,2.0,1.0
43.0,2.0,7.0,2.0,16.0,1.0,23.0,4.0,89.0,2.0,20.0,177.0,294.0,692.0,10.0,7.0,13.0,2.0,2.0,1.0,3.0
94.0,1.0,1.0,1.0,3.0,1.0,61.0,3.0,9.0,1.0,10.0,350.0,357.0,679.0,12.0,11.0,18.0,2.0,1.0,1.0,4.0
91.0,2.0,15.0,2.0,17.0,2.0,55.0,1.0,111.0,1.0,18.0,88.0,42.0,90.0,13.0,10.0,2.0,2.0,1.0,1.0,1.0
46.0,1.0,19.0,2.0,3.0,1.0,29.0,3.0,99.0,3.0,15.0,269.0,165.0,208.0,14.0,12.0,13.0,2.0,1.0,2.0,1.0
379.0,2.0,6.0,1.0,1.0,2.0,1.0,7.0,8.0,7.0,2.0,354.0,417.0,646.0,7.0,11.0,15.0,2.0,1.0,2.0,4.0
151.0,2.0,14.0,1.0,10.0,1.0,17.0,9.0,4.0,7.0,13.0,148.0,12.0,424.0,13.0,8.0,4.0,1.0,2.0,1.0,2.0
667.0,2.0,11.0,2.0,1.0,2.0,41.0,5.0,100.0,1.0,4.0,563.0,679.0,260.0,15.0,2.0,9.0,2.0,1.0,1.0,2.0
347.0,1.0,21.0,2.0,4.0,1.0,21.0,4.0,33.0,2.0,9.0,693.0,722.0,6.0,1.0,3.0,3.0,1.0,1.0,1.0,1.0
518.0,2.0,11.0,1.0,17.0,2.0,2.0,7.0,101.0,8.0,18.0,297.0,35.0,656.0,9.0,7.0,15.0,2.0,2.0,1.0,4.0
361.0,1.0,25.0,1.0,9.0,2.0,43.0,8.0,50.0,1.0,13.0,686.0,696.0,493.0,3.0,5.0,18.0,2.0,2.0,1.0,3.0
108.0,1.0,14.0,1.0,2.0,2.0,24.0,4.0,94.0,5.0,9.0,373.0,529.0,787.0,2.0,6.0,5.0,2.0,1.0,2.0,4.0
285.0,2.0,11.0,1.0,6.0,1.0,34.0,6.0,114.0,4.0,14.0,162.0,49.0,195.0,12.0,11.0,14.0,1.0,2.0,1.0,1.0
461.0,2.0,8.0,1.0,12.0,2.0,57.0,2.0,104.0,1.0,21.0,434.0,511.0,647.0,13.0,12.0,1.0,2.0,2.0,1.0,4.0
240.0,2.0,12.0,1.0,8.0,2.0,54.0,4.0,89.0,8.0,9.0,125.0,228.0,260.0,10.0,1.0,3.0,2.0,2.0,1.0,1.0
713.0,1.0,21.0,1.0,8.0,2.0,62.0,6.0,74.0,4.0,12.0,345.0,222.0,461.0,9.0,8.0,10.0,2.0,1.0,1.0,3.0
568.0,1.0,9.0,2.0,1.0,2.0,24.0,7.0,70.0,3.0,13.0,555.0,701.0,674.0,5.0,5.0,2.0,2.0,2.0,2.0,4.0
109.0,2.0,1.0,2.0,3.0,1.0,34.0,9.0,102.0,4.0,6.0,588.0,627.0,636.0,6.0,5.0,11.0,1.0,1.0,2.0,3.0
491.0,1.0,1.0,1.0,1.0,2.0,35.0,6.0,14.0,8.0,3.0,368.0,680.0,650.0,14.0,12.0,8.0,2.0,1.0,1.0,4.0
134.0,1.0,26.0,2.0,10.0,1.0,8.0,5.0,31.0,2.0,13.0,330.0,236.0,243.0,1.0,3.0,2.0,1.0,1.0,2.0,1.0
181.0,2.0,24.0,1.0,2.0,1.0,35.0,5.0,88.0,1.0,7.0,640.0,460.0,477.0,15.0,11.0,4.0,2.0,2.0,2.0,3.0
257.0,1.0,2.0,2.0,1.0,2.0,24.0,8.0,73.0,7.0,3.0,172.0,59.0,121.0,8.0,9.0,12.0,2.0,2.0,1.0,1.0
264.0,2.0,1.0,2.0,3.0,2.0,30.0,1.0,3.0,8.0,20.0,404.0,439.0,467.0,6.0,5.0,3.0,2.0,2.0,1.0,3.0
177.0,1.0,6.0,1.0,15.0,1.0,36.0,6.0,72.0,7.0,21.0,609.0,566.0,626.0,2.0,2.0,8.0,2.0,2.0,2.0,3.0
415.0,1.0,6.0,1.0,6.0,2.0,39.0,2.0,49.0,5.0,13.0,650.0,590.0,2.0,15.0,4.0,2.0,2.0,2.0,2.0,1.0
31.0,2.0,20.0,1.0,5.0,2.0,4.0,3.0,27.0,1.0,9.0,626.0,433.0,408.0,14.0,14.0,5.0,2.0,1.0,1.0,2.0
583.0,1.0,17.0,1.0,1.0,2.0,62.0,7.0,110.0,7.0,3.0,333.0,551.0,319.0,10.0,1.0,12.0,2.0,1.0,2.0,2.0
574.0,1.0,12.0,1.0,17.0,2.0,42.0,10.0,60.0,8.0,18.0,109.0,730.0,89.0,9.0,12.0,16.0,2.0,2.0,2.0,1.0
449.0,2.0,14.0,1.0,2.0,1.0,58.0,8.0,89.0,1.0,3.0,395.0,472.0,24.0,4.0,1.0,7.0,2.0,1.0,2.0,1.0
99.0,2.0,4.0,1.0,4.0,1.0,52.0,2.0,8.0,4.0,8.0,543.0,314.0,390.0,5.0,9.0,4.0,2.0,1.0,1.0,2.0
510.0,2.0,1.0,1.0,15.0,1.0,46.0,3.0,93.0,2.0,19.0,484.0,705.0,287.0,13.0,8.0,2.0,1.0,1.0,1.0,2.0
96.0,2.0,6.0,1.0,5.0,1.0,50.0,8.0,14.0,5.0,6.0,106.0,19.0,497.0,3.0,3.0,3.0,2.0,2.0,2.0,2.0
478.0,1.0,2.0,1.0,19.0,2.0,5.0,8.0,112.0,4.0,20.0,370.0,283.0,691.0,7.0,10.0,12.0,2.0,1.0,2.0,4.0
503.0,2.0,23.0,1.0,4.0,1.0,54.0,2.0,36.0,7.0,15.0,648.0,533.0,722.0,12.0,8.0,14.0,1.0,1.0,2.0,4.0
5.0,2.0,3.0,1.0,13.0,2.0,42.0,4.0,41.0,4.0,16.0,610.0,526.0,721.0,12.0,6.0,5.0,2.0,1.0,1.0,4.0
3.0,1.0,7.0,1.0,6.0,1.0,32.0,6.0,107.0,1.0,7.0,304.0,203.0,596.0,14.0,8.0,6.0,1.0,1.0,1.0,3.0
481.0,2.0,7.0,1.0,3.0,1.0,9.0,6.0,51.0,2.0,8.0,631.0,666.0,630.0,12.0,2.0,7.0,2.0,1.0,2.0,4.0
652.0,1.0,1.0,1.0,1.0,2.0,51.0,10.0,108.0,1.0,3.0,361.0,231.0,298.0,11.0,13.0,9.0,2.0,1.0,1.0,2.0
374.0,1.0,14.0,1.0,4.0,2.0,30.0,6.0,76.0,5.0,11.0,522.0,501.0,399.0,11.0,9.0,11.0,2.0,1.0,1.0,2.0
207.0,1.0,23.0,2.0,1.0,2.0,28.0,7.0,39.0,5.0,19.0,196.0,533.0,548.0,1.0,5.0,17.0,2.0,1.0,2.0,3.0
399.0,1.0,1.0,1.0,3.0,1.0,6.0,6.0,19.0,4.0,6.0,405.0,705.0,591.0,13.0,4.0,11.0,1.0,1.0,1.0,3.0
78.0,1.0,12.0,2.0,1.0,1.0,34.0,6.0,64.0,5.0,15.0,579.0,508.0,784.0,13.0,15.0,13.0,1.0,1.0,2.0,4.0
632.0,1.0,5.0,2.0,10.0,1.0,43.0,2.0,118.0,3.0,17.0,175.0,342.0,823.0,5.0,7.0,12.0,2.0,2.0,1.0,4.0
691.0,1.0,1.0,2.0,1.0,2.0,28.0,4.0,42.0,1.0,2.0,239.0,302.0,394.0,1.0,3.0,10.0,2.0,2.0,2.0,3.0
289.0,2.0,5.0,1.0,5.0,2.0,23.0,9.0,88.0,7.0,10.0,234.0,134.0,261.0,12.0,1.0,11.0,2.0,2.0,1.0,1.0
110.0,2.0,22.0,1.0,2.0,1.0,48.0,6.0,89.0,4.0,9.0,22.0,50.0,750.0,11.0,9.0,16.0,1.0,1.0,1.0,3.0
76.0,2.0,11.0,2.0,3.0,1.0,55.0,7.0,43.0,1.0,5.0,240.0,10.0,530.0,3.0,3.0,15.0,2.0,2.0,2.0,2.0
693.0,2.0,3.0,1.0,3.0,1.0,30.0,4.0,43.0,2.0,8.0,506.0,339.0,410.0,1.0,4.0,4.0,2.0,1.0,2.0,3.0
364.0,1.0,14.0,2.0,5.0,2.0,55.0,1.0,43.0,1.0,9.0,412.0,641.0,533.0,14.0,12.0,2.0,2.0,1.0,2.0,3.0
466.0,2.0,1.0,1.0,1.0,1.0,23.0,3.0,77.0,1.0,2.0,20.0,277.0,300.0,7.0,6.0,10.0,2.0,1.0,2.0,2.0
693.0,2.0,23.0,1.0,4.0,2.0,12.0,2.0,85.0,7.0,13.0,190.0,44.0,66.0,14.0,8.0,17.0,2.0,2.0,2.0,1.0
360.0,1.0,5.0,1.0,6.0,1.0,57.0,10.0,63.0,6.0,7.0,542.0,437.0,473.0,10.0,9.0,12.0,2.0,1.0,2.0,3.0
143.0,1.0,1.0,2.0,5.0,2.0,54.0,3.0,76.0,3.0,12.0,139.0,613.0,638.0,8.0,9.0,16.0,2.0,2.0,1.0,3.0
678.0,1.0,1.0,1.0,5.0,1.0,23.0,2.0,27.0,4.0,18.0,489.0,486.0,26.0,14.0,11.0,19.0,1.0,1.0,2.0,1.0
14.0,1.0,1.0,1.0,8.0,1.0,50.0,6.0,101.0,7.0,15.0,226.0,362.0,284.0,3.0,7.0,1.0,1.0,2.0,2.0,1.0
670.0,2.0,1.0,1.0,5.0,2.0,27.0,1.0,16.0,5.0,8.0,429.0,447.0,68.0,1.0,4.0,14.0,2.0,1.0,2.0,1.0
608.0,1.0,16.0,1.0,6.0,1.0,30.0,6.0,9.0,5.0,9.0,254.0,27.0,872.0,9.0,9.0,6.0,1.0,2.0,1.0,4.0
560.0,2.0,21.0,1.0,18.0,1.0,4.0,8.0,40.0,3.0,21.0,129.0,648.0,276.0,9.0,10.0,11.0,1.0,1.0,1.0,2.0
417.0,1.0,22.0,2.0,6.0,1.0,30.0,3.0,61.0,4.0,12.0,15.0,144.0,229.0,6.0,7.0,13.0,2.0,1.0,2.0,2.0
225.0,2.0,20.0,1.0,2.0,1.0,53.0,9.0,87.0,7.0,3.0,74.0,68.0,708.0,7.0,11.0,17.0,2.0,1.0,2.0,3.0
440.0,1.0,11.0,2.0,7.0,2.0,38.0,9.0,9.0,3.0,19.0,273.0,613.0,480.0,14.0,12.0,11.0,2.0,2.0,1.0,3.0
328.0,2.0,19.0,1.0,1.0,1.0,55.0,7.0,24.0,2.0,2.0,58.0,9.0,622.0,2.0,6.0,10.0,2.0,1.0,2.0,3.0
653.0,1.0,6.0,2.0,6.0,2.0,15.0,4.0,34.0,2.0,20.0,157.0,99.0,177.0,2.0,6.0,12.0,2.0,1.0,1.0,1.0
676.0,1.0,7.0,2.0,4.0,2.0,15.0,7.0,75.0,7.0,5.0,143.0,518.0,793.0,10.0,13.0,3.0,2.0,2.0,1.0,4.0
619.0,2.0,14.0,2.0,7.0,2.0,35.0,5.0,44.0,6.0,12.0,231.0,614.0,140.0,1.0,1.0,8.0,2.0,2.0,1.0,1.0
232.0,2.0,12.0,1.0,3.0,1.0,63.0,1.0,6.0,1.0,10.0,308.0,199.0,561.0,9.0,8.0,9.0,2.0,1.0,1.0,3.0
373.0,1.0,1.0,1.0,4.0,1.0,7.0,4.0,112.0,1.0,10.0,220.0,77.0,628.0,3.0,7.0,18.0,2.0,2.0,1.0,3.0
642.0,1.0,9.0,2.0,1.0,1.0,34.0,7.0,28.0,6.0,1.0,624.0,453.0,87.0,12.0,5.0,9.0,2.0,1.0,2.0,1.0
671.0,1.0,10.0,1.0,1.0,1.0,40.0,4.0,33.0,8.0,2.0,192.0,141.0,781.0,10.0,2.0,5.0,2.0,1.0,1.0,4.0
132.0,2.0,2.0,2.0,20.0,2.0,51.0,7.0,39.0,4.0,21.0,158.0,642.0,50.0,11.0,5.0,18.0,2.0,1.0,1.0,1.0
124.0,1.0,6.0,1.0,1.0,1.0,32.0,2.0,98.0,1.0,4.0,284.0,35.0,730.0,15.0,1.0,2.0,2.0,2.0,1.0,3.0
586.0,1.0,19.0,2.0,1.0,2.0,42.0,7.0,73.0,1.0,1.0,530.0,502.0,752.0,7.0,9.0,19.0,2.0,2.0,1.0,4.0
704.0,1.0,25.0,1.0,4.0,2.0,8.0,2.0,84.0,2.0,8.0,66.0,464.0,127.0,9.0,3.0,15.0,2.0,1.0,1.0,1.0
259.0,1.0,17.0,2.0,7.0,2.0,46.0,3.0,94.0,6.0,19.0,138.0,420.0,443.0,9.0,13.0,1.0,2.0,2.0,2.0,2.0
185.0,1.0,21.0,2.0,6.0,1.0,13.0,9.0,19.0,5.0,18.0,475.0,453.0,364.0,1.0,2.0,10.0,1.0,2.0,1.0,2.0
451.0,1.0,1.0,1.0,1.0,1.0,38.0,2.0,110.0,7.0,2.0,401.0,306.0,736.0,5.0,3.0,5.0,1.0,1.0,1.0,4.0
699.0,2.0,1.0,1.0,1.0,1.0,29.0,1.0,74.0,3.0,2.0,481.0,261.0,643.0,10.0,2.0,17.0,2.0,1.0,1.0,4.0
442.0,1.0,2.0,1.0,2.0,1.0,62.0,4.0,24.0,6.0,3.0,567.0,358.0,334.0,15.0,19.0,15.0,2.0,1.0,1.0,2.0
581.0,2.0,21.0,2.0,3.0,2.0,29.0,9.0,55.0,7.0,4.0,692.0,729.0,127.0,15.0,10.0,14.0,2.0,1.0,1.0,2.0
45.0,1.0,25.0,2.0,2.0,1.0,39.0,3.0,37.0,6.0,6.0,115.0,214.0,565.0,1.0,3.0,13.0,1.0,2.0,1.0,3.0
533.0,2.0,1.0,2.0,3.0,2.0,28.0,7.0,26.0,2.0,10.0,148.0,353.0,747.0,6.0,2.0,14.0,2.0,1.0,1.0,4.0
326.0,2.0,24.0,1.0,9.0,2.0,46.0,4.0,113.0,1.0,12.0,209.0,93.0,651.0,4.0,3.0,4.0,2.0,1.0,2.0,3.0
309.0,1.0,11.0,2.0,1.0,1.0,56.0,2.0,6.0,4.0,7.0,615.0,519.0,14.0,12.0,12.0,19.0,2.0,2.0,1.0,1.0
296.0,1.0,8.0,2.0,4.0,1.0,39.0,6.0,34.0,4.0,14.0,344.0,622.0,611.0,6.0,9.0,13.0,2.0,1.0,1.0,3.0
196.0,1.0,26.0,1.0,11.0,2.0,13.0,5.0,4.0,8.0,16.0,107.0,74.0,340.0,13.0,12.0,11.0,2.0,2.0,1.0,2.0
120.0,1.0,26.0,2.0,1.0,2.0,46.0,7.0,87.0,3.0,6.0,230.0,48.0,774.0,11.0,6.0,19.0,2.0,2.0,2.0,4.0
460.0,2.0,1.0,2.0,11.0,2.0,61.0,1.0,71.0,4.0,15.0,249.0,88.0,32.0,4.0,2.0,3.0,2.0,1.0,2.0,1.0
597.0,2.0,8.0,1.0,4.0,2.0,20.0,2.0,10.0,3.0,15.0,123.0,568.0,759.0,14.0,2.0,19.0,2.0,2.0,2.0,4.0
717.0,1.0,22.0,2.0,3.0,2.0,3.0,8.0,92.0,2.0,21.0,563.0,730.0,740.0,2.0,4.0,18.0,2.0,2.0,1.0,4.0
633.0,1.0,14.0,2.0,11.0,2.0,27.0,5.0,80.0,2.0,15.0,679.0,702.0,174.0,11.0,15.0,13.0,2.0,1.0,2.0,2.0
583.0,2.0,15.0,2.0,3.0,1.0,39.0,1.0,39.0,3.0,13.0,366.0,637.0,513.0,6.0,7.0,4.0,1.0,2.0,2.0,3.0
150.0,1.0,1.0,2.0,2.0,2.0,16.0,6.0,103.0,7.0,12.0,334.0,200.0,689.0,9.0,11.0,13.0,2.0,1.0,1.0,3.0
243.0,2.0,25.0,1.0,1.0,2.0,62.0,3.0,75.0,7.0,7.0,90.0,546.0,536.0,8.0,2.0,5.0,2.0,2.0,2.0,3.0
236.0,2.0,3.0,1.0,6.0,1.0,49.0,5.0,27.0,3.0,7.0,559.0,623.0,741.0,11.0,15.0,18.0,2.0,1.0,2.0,4.0
392.0,2.0,3.0,1.0,1.0,1.0,6.0,1.0,20.0,2.0,19.0,271.0,32.0,33.0,1.0,2.0,18.0,1.0,2.0,2.0,1.0
304.0,2.0,1.0,1.0,4.0,1.0,41.0,9.0,79.0,1.0,21.0,359.0,126.0,302.0,9.0,1.0,8.0,1.0,2.0,2.0,2.0
589.0,2.0,15.0,2.0,15.0,1.0,27.0,8.0,25.0,3.0,16.0,410.0,337.0,451.0,14.0,7.0,11.0,2.0,2.0,1.0,3.0
411.0,2.0,8.0,2.0,2.0,1.0,34.0,9.0,119.0,1.0,5.0,262.0,80.0,824.0,14.0,8.0,8.0,1.0,2.0,2.0,4.0
227.0,2.0,26.0,2.0,4.0,2.0,47.0,9.0,52.0,6.0,14.0,451.0,318.0,297.0,11.0,8.0,17.0,2.0,2.0,2.0,2.0
535.0,1.0,9.0,1.0,2.0,2.0,23.0,4.0,116.0,2.0,6.0,564.0,530.0,805.0,11.0,6.0,4.0,2.0,1.0,2.0,4.0
303.0,2.0,8.0,1.0,2.0,1.0,7.0,6.0,92.0,4.0,5.0,551.0,317.0,594.0,13.0,10.0,11.0,1.0,2.0,1.0,3.0
677.0,2.0,24.0,1.0,1.0,2.0,6.0,3.0,57.0,4.0,17.0,342.0,291.0,683.0,2.0,1.0,3.0,2.0,1.0,2.0,4.0
398.0,1.0,1.0,1.0,4.0,2.0,19.0,6.0,105.0,7.0,8.0,552.0,336.0,267.0,4.0,7.0,15.0,2.0,1.0,2.0,2.0
145.0,1.0,10.0,2.0,1.0,2.0,8.0,1.0,25.0,1.0,15.0,660.0,658.0,190.0,9.0,12.0,12.0,2.0,2.0,1.0,2.0
285.0,2.0,11.0,2.0,6.0,1.0,8.0,1.0,95.0,2.0,8.0,27.0,129.0,311.0,12.0,4.0,2.0,1.0,2.0,1.0,2.0
450.0,2.0,22.0,1.0,1.0,1.0,60.0,3.0,86.0,5.0,4.0,560.0,722.0,62.0,12.0,6.0,3.0,2.0,2.0,1.0,1.0
485.0,2.0,18.0,2.0,1.0,2.0,15.0,5.0,108.0,5.0,2.0,274.0,125.0,801.0,5.0,3.0,15.0,2.0,2.0,2.0,4.0
240.0,2.0,11.0,1.0,2.0,1.0,21.0,1.0,91.0,4.0,21.0,665.0,629.0,326.0,15.0,16.0,7.0,2.0,1.0,2.0,2.0
468.0,1.0,1.0,2.0,8.0,1.0,7.0,3.0,41.0,7.0,14.0,431.0,265.0,88.0,9.0,5.0,9.0,2.0,1.0,1.0,1.0
404.0,2.0,5.0,1.0,4.0,2.0,39.0,6.0,83.0,6.0,7.0,605.0,396.0,735.0,4.0,3.0,19.0,2.0,2.0,1.0,4.0
488.0,1.0,3.0,1.0,12.0,1.0,10.0,2.0,108.0,5.0,18.0,365.0,463.0,470.0,9.0,1.0,4.0,1.0,1.0,1.0,3.0
531.0,2.0,1.0,2.0,1.0,2.0,62.0,8.0,90.0,5.0,2.0,221.0,420.0,836.0,12.0,14.0,18.0,2.0,2.0,2.0,4.0
679.0,1.0,2.0,2.0,12.0,2.0,62.0,9.0,30.0,8.0,21.0,423.0,668.0,439.0,5.0,5.0,7.0,2.0,2.0,1.0,3.0
315.0,2.0,26.0,1.0,3.0,1.0,43.0,10.0,1.0,3.0,5.0,319.0,650.0,175.0,3.0,6.0,7.0,1.0,1.0,2.0,1.0
81.0,2.0,25.0,1.0,11.0,2.0,39.0,1.0,94.0,5.0,16.0,520.0,368.0,720.0,4.0,5.0,4.0,2.0,2.0,1.0,4.0
644.0,1.0,1.0,1.0,10.0,1.0,35.0,1.0,95.0,6.0,11.0,182.0,20.0,725.0,6.0,3.0,16.0,1.0,1.0,1.0,4.0
405.0,1.0,16.0,2.0,10.0,2.0,27.0,8.0,99.0,1.0,20.0,548.0,694.0,653.0,3.0,2.0,16.0,2.0,2.0,2.0,4.0
340.0,2.0,21.0,1.0,5.0,2.0,19.0,3.0,92.0,7.0,10.0,618.0,600.0,506.0,13.0,8.0,14.0,2.0,1.0,1.0,3.0
305.0,2.0,9.0,2.0,2.0,2.0,58.0,8.0,19.0,6.0,5.0,115.0,26.0,818.0,13.0,5.0,4.0,2.0,1.0,2.0,4.0
76.0,2.0,9.0,2.0,12.0,1.0,4.0,7.0,120.0,4.0,15.0,128.0,731.0,822.0,10.0,14.0,8.0,2.0,2.0,2.0,4.0
114.0,2.0,1.0,2.0,1.0,2.0,41.0,1.0,84.0,8.0,2.0,29.0,130.0,404.0,1.0,1.0,18.0,2.0,2.0,2.0,2.0
565.0,1.0,5.0,2.0,8.0,2.0,52.0,3.0,9.0,6.0,17.0,336.0,104.0,429.0,1.0,5.0,19.0,2.0,2.0,1.0,3.0
385.0,1.0,1.0,1.0,2.0,1.0,43.0,6.0,57.0,8.0,3.0,10.0,304.0,244.0,3.0,6.0,10.0,2.0,1.0,1.0,2.0
300.0,2.0,18.0,2.0,4.0,2.0,36.0,4.0,64.0,5.0,15.0,59.0,108.0,652.0,2.0,2.0,9.0,2.0,1.0,2.0,3.0
162.0,2.0,23.0,1.0,5.0,1.0,36.0,7.0,14.0,2.0,8.0,28.0,341.0,757.0,1.0,2.0,3.0,1.0,1.0,1.0,4.0
469.0,1.0,1.0,2.0,2.0,2.0,5.0,4.0,18.0,5.0,3.0,178.0,106.0,803.0,5.0,2.0,5.0,2.0,1.0,1.0,4.0
123.0,2.0,9.0,1.0,1.0,1.0,32.0,8.0,77.0,1.0,1.0,357.0,574.0,257.0,2.0,6.0,6.0,2.0,2.0,1.0,2.0
600.0,1.0,7.0,1.0,10.0,1.0,56.0,6.0,104.0,3.0,16.0,228.0,46.0,131.0,4.0,2.0,8.0,2.0,2.0,2.0,1.0
358.0,2.0,1.0,1.0,3.0,1.0,41.0,1.0,118.0,5.0,6.0,76.0,90.0,332.0,7.0,10.0,14.0,2.0,2.0,2.0,2.0
486.0,2.0,25.0,2.0,20.0,2.0,46.0,6.0,51.0,7.0,21.0,76.0,315.0,283.0,1.0,2.0,2.0,2.0,1.0,1.0,2.0
662.0,1.0,17.0,1.0,1.0,1.0,22.0,5.0,69.0,4.0,21.0,453.0,487.0,355.0,14.0,17.0,10.0,2.0,2.0,1.0,3.0
75.0,1.0,1.0,1.0,7.0,1.0,2.0,6.0,114.0,1.0,9.0,533.0,411.0,575.0,15.0,18.0,12.0,2.0,1.0,2.0,3.0
453.0,2.0,24.0,1.0,8.0,1.0,29.0,5.0,20.0,6.0,15.0,127.0,267.0,446.0,11.0,6.0,14.0,2.0,1.0,2.0,2.0
104.0,1.0,15.0,2.0,11.0,1.0,62.0,3.0,71.0,4.0,15.0,193.0,52.0,279.0,3.0,3.0,6.0,2.0,2.0,1.0,1.0
43.0,1.0,1.0,2.0,2.0,2.0,61.0,8.0,5.0,8.0,7.0,396.0,600.0,159.0,9.0,3.0,12.0,2.0,2.0,1.0,1.0
216.0,1.0,9.0,2.0,4.0,1.0,25.0,4.0,49.0,3.0,6.0,515.0,481.0,593.0,2.0,4.0,10.0,2.0,1.0,2.0,3.0
129.0,1.0,8.0,2.0,5.0,2.0,58.0,6.0,40.0,1.0,18.0,399.0,121.0,590.0,14.0,4.0,16.0,2.0,1.0,2.0,3.0
520.0,2.0,10.0,1.0,1.0,2.0,54.0,6.0,59.0,2.0,2.0,474.0,734.0,856.0,1.0,2.0,2.0,2.0,1.0,1.0,4.0
273.0,1.0,11.0,2.0,6.0,1.0,24.0,3.0,4.0,2.0,11.0,239.0,609.0,457.0,14.0,5.0,3.0,2.0,2.0,2.0,3.0
402.0,2.0,1.0,2.0,1.0,1.0,33.0,5.0,90.0,5.0,1.0,236.0,345.0,37.0,4.0,1.0,15.0,2.0,1.0,2.0,1.0
100.0,2.0,8.0,2.0,2.0,1.0,37.0,10.0,3.0,5.0,8.0,2.0,317.0,662.0,7.0,10.0,1.0,1.0,1.0,1.0,3.0
174.0,2.0,24.0,1.0,5.0,2.0,35.0,2.0,96.0,7.0,14.0,75.0,612.0,315.0,8.0,11.0,4.0,2.0,1.0,1.0,2.0
179.0,2.0,19.0,2.0,17.0,1.0,11.0,9.0,28.0,4.0,21.0,320.0,372.0,804.0,10.0,4.0,17.0,1.0,1.0,2.0,4.0
385.0,1.0,1.0,2.0,6.0,1.0,23.0,3.0,105.0,2.0,12.0,175.0,356.0,729.0,15.0,16.0,18.0,2.0,2.0,2.0,4.0
461.0,2.0,1.0,2.0,1.0,1.0,49.0,7.0,103.0,8.0,2.0,313.0,521.0,138.0,4.0,6.0,12.0,1.0,1.0,2.0,1.0
4.0,1.0,9.0,2.0,1.0,2.0,14.0,5.0,52.0,1.0,2.0,161.0,488.0,436.0,1.0,5.0,16.0,2.0,1.0,2.0,2.0
268.0,2.0,14.0,1.0,2.0,2.0,41.0,2.0,71.0,6.0,12.0,50.0,330.0,871.0,10.0,10.0,19.0,2.0,1.0,1.0,4.0
12.0,2.0,10.0,2.0,14.0,2.0,31.0,7.0,60.0,2.0,18.0,436.0,192.0,289.0,8.0,1.0,2.0,2.0,2.0,2.0,1.0
348.0,2.0,13.0,1.0,9.0,2.0,19.0,7.0,78.0,3.0,18.0,568.0,581.0,468.0,3.0,6.0,10.0,2.0,1.0,2.0,3.0
131.0,2.0,21.0,1.0,11.0,1.0,12.0,2.0,54.0,4.0,19.0,294.0,37.0,381.0,4.0,3.0,15.0,2.0,1.0,2.0,2.0
614.0,2.0,11.0,2.0,3.0,1.0,29.0,2.0,3.0,1.0,9.0,186.0,467.0,192.0,9.0,7.0,12.0,1.0,1.0,2.0,1.0
259.0,2.0,5.0,2.0,3.0,2.0,8.0,5.0,105.0,8.0,5.0,272.0,556.0,128.0,9.0,3.0,13.0,2.0,2.0,2.0,1.0
412.0,1.0,8.0,2.0,1.0,1.0,34.0,1.0,120.0,2.0,2.0,96.0,233.0,187.0,12.0,15.0,16.0,2.0,1.0,1.0,1.0
316.0,2.0,1.0,1.0,3.0,2.0,33.0,6.0,54.0,3.0,4.0,687.0,694.0,445.0,5.0,9.0,7.0,2.0,1.0,2.0,3.0
309.0,2.0,14.0,2.0,1.0,2.0,50.0,3.0,93.0,4.0,3.0,571.0,647.0,238.0,9.0,13.0,3.0,2.0,2.0,2.0,2.0
378.0,1.0,19.0,1.0,14.0,1.0,3.0,9.0,99.0,7.0,19.0,285.0,272.0,108.0,10.0,4.0,3.0,1.0,2.0,1.0,1.0
157.0,1.0,21.0,1.0,12.0,1.0,55.0,7.0,94.0,3.0,21.0,430.0,227.0,325.0,14.0,2.0,18.0,1.0,2.0,1.0,2.0
668.0,2.0,1.0,2.0,11.0,1.0,15.0,1.0,93.0,3.0,21.0,677.0,716.0,186.0,14.0,18.0,15.0,2.0,2.0,1.0,2.0
436.0,1.0,13.0,1.0,12.0,2.0,39.0,1.0,68.0,6.0,20.0,270.0,3.0,507.0,14.0,10.0,18.0,2.0,2.0,1.0,3.0
161.0,2.0,7.0,2.0,3.0,1.0,26.0,5.0,88.0,4.0,10.0,309.0,640.0,484.0,1.0,1.0,13.0,1.0,2.0,2.0,3.0
67.0,1.0,19.0,1.0,1.0,1.0,62.0,2.0,15.0,1.0,2.0,690.0,687.0,27.0,6.0,8.0,9.0,1.0,2.0,1.0,1.0
343.0,2.0,18.0,2.0,4.0,1.0,2.0,2.0,11.0,5.0,9.0,31.0,381.0,592.0,2.0,6.0,12.0,2.0,2.0,1.0,3.0
9.0,1.0,2.0,2.0,3.0,2.0,43.0,6.0,48.0,3.0,10.0,11.0,209.0,783.0,11.0,5.0,17.0,2.0,1.0,1.0,3.0
217.0,2.0,21.0,1.0,7.0,1.0,10.0,5.0,117.0,5.0,20.0,247.0,394.0,347.0,3.0,6.0,17.0,2.0,2.0,2.0,2.0
29.0,2.0,18.0,1.0,6.0,2.0,23.0,1.0,90.0,4.0,17.0,245.0,153.0,61.0,8.0,5.0,3.0,2.0,2.0,1.0,1.0
589.0,1.0,12.0,2.0,10.0,1.0,55.0,5.0,32.0,6.0,16.0,350.0,557.0,717.0,2.0,6.0,8.0,2.0,1.0,1.0,4.0
353.0,1.0,9.0,1.0,1.0,2.0,51.0,1.0,104.0,8.0,2.0,319.0,39.0,195.0,7.0,3.0,9.0,2.0,1.0,2.0,1.0
180.0,1.0,1.0,2.0,8.0,2.0,31.0,5.0,62.0,4.0,18.0,194.0,122.0,199.0,15.0,18.0,19.0,2.0,2.0,2.0,1.0
688.0,2.0,10.0,2.0,5.0,1.0,59.0,4.0,92.0,2.0,8.0,48.0,285.0,797.0,5.0,6.0,2.0,2.0,2.0,1.0,4.0
78.0,1.0,9.0,2.0,5.0,1.0,27.0,10.0,39.0,2.0,20.0,651.0,612.0,529.0,5.0,1.0,6.0,1.0,1.0,2.0,3.0
384.0,1.0,1.0,2.0,7.0,2.0,46.0,2.0,19.0,1.0,13.0,381.0,415.0,12.0,7.0,3.0,13.0,2.0,1.0,1.0,1.0
641.0,2.0,1.0,1.0,1.0,2.0,18.0,2.0,68.0,3.0,1.0,317.0,110.0,89.0,7.0,4.0,18.0,2.0,1.0,1.0,1.0
512.0,2.0,9.0,1.0,9.0,1.0,44.0,6.0,20.0,4.0,13.0,465.0,255.0,164.0,15.0,10.0,11.0,2.0,2.0,2.0,1.0
200.0,2.0,13.0,2.0,7.0,1.0,35.0,10.0,49.0,2.0,14.0,531.0,664.0,131.0,15.0,9.0,12.0,2.0,1.0,2.0,1.0
513.0,1.0,14.0,2.0,5.0,1.0,21.0,1.0,40.0,8.0,7.0,368.0,527.0,9.0,9.0,3.0,1.0,1.0,2.0,1.0,1.0
176.0,2.0,1.0,1.0,5.0,2.0,29.0,2.0,96.0,6.0,19.0,144.0,499.0,790.0,11.0,14.0,14.0,2.0,1.0,1.0,4.0
430.0,1.0,1.0,1.0,1.0,2.0,56.0,8.0,29.0,4.0,6.0,198.0,156.0,5.0,7.0,10.0,8.0,2.0,1.0,1.0,1.0
593.0,1.0,6.0,1.0,2.0,1.0,14.0,9.0,21.0,1.0,8.0,235.0,147.0,699.0,13.0,9.0,8.0,1.0,2.0,1.0,4.0
62.0,1.0,18.0,1.0,2.0,1.0,55.0,2.0,40.0,8.0,11.0,622.0,461.0,237.0,2.0,6.0,11.0,2.0,2.0,1.0,2.0
487.0,1.0,26.0,1.0,1.0,2.0,53.0,3.0,33.0,6.0,10.0,194.0,492.0,769.0,13.0,7.0,17.0,2.0,1.0,2.0,4.0
118.0,2.0,1.0,2.0,5.0,2.0,16.0,6.0,52.0,2.0,7.0,341.0,379.0,501.0,7.0,3.0,2.0,2.0,1.0,1.0,3.0
216.0,1.0,21.0,1.0,2.0,2.0,40.0,3.0,38.0,8.0,5.0,362.0,682.0,350.0,3.0,5.0,9.0,2.0,1.0,2.0,2.0
354.0,1.0,13.0,2.0,2.0,1.0,25.0,7.0,37.0,3.0,5.0,504.0,657.0,780.0,6.0,1.0,16.0,2.0,1.0,1.0,4.0
57.0,2.0,15.0,2.0,11.0,1.0,2.0,6.0,69.0,8.0,16.0,507.0,246.0,761.0,2.0,4.0,9.0,1.0,2.0,1.0,3.0
212.0,2.0,20.0,2.0,4.0,1.0,60.0,2.0,59.0,6.0,5.0,9.0,57.0,206.0,10.0,13.0,15.0,1.0,2.0,1.0,1.0
700.0,2.0,3.0,2.0,2.0,2.0,17.0,9.0,80.0,7.0,7.0,167.0,3.0,402.0,6.0,4.0,14.0,2.0,1.0,2.0,2.0
37.0,2.0,1.0,2.0,1.0,1.0,40.0,8.0,6.0,6.0,14.0,170.0,2.0,368.0,2.0,6.0,5.0,1.0,1.0,2.0,2.0
287.0,2.0,21.0,1.0,4.0,1.0,55.0,6.0,79.0,2.0,7.0,154.0,738.0,749.0,6.0,3.0,1.0,2.0,1.0,1.0,4.0
127.0,1.0,9.0,1.0,16.0,2.0,36.0,9.0,95.0,8.0,17.0,463.0,732.0,458.0,5.0,2.0,3.0,2.0,2.0,1.0,3.0
603.0,2.0,17.0,1.0,15.0,1.0,28.0,1.0,76.0,3.0,21.0,40.0,316.0,615.0,10.0,6.0,8.0,1.0,2.0,2.0,3.0
597.0,2.0,16.0,1.0,14.0,1.0,46.0,6.0,75.0,2.0,19.0,526.0,719.0,333.0,2.0,5.0,15.0,1.0,2.0,2.0,3.0
554.0,2.0,15.0,1.0,2.0,2.0,39.0,2.0,91.0,3.0,7.0,292.0,604.0,148.0,9.0,11.0,12.0,2.0,1.0,2.0,1.0
230.0,2.0,5.0,1.0,11.0,2.0,25.0,5.0,9.0,5.0,15.0,502.0,322.0,726.0,10.0,6.0,9.0,2.0,1.0,2.0,4.0
409.0,1.0,24.0,2.0,2.0,1.0,9.0,10.0,26.0,4.0,11.0,466.0,385.0,21.0,1.0,5.0,4.0,1.0,2.0,1.0,1.0
681.0,1.0,1.0,1.0,3.0,2.0,12.0,7.0,68.0,2.0,5.0,491.0,546.0,369.0,7.0,7.0,2.0,2.0,2.0,1.0,3.0
55.0,1.0,21.0,1.0,1.0,1.0,52.0,4.0,121.0,8.0,1.0,293.0,43.0,279.0,15.0,19.0,12.0,2.0,2.0,2.0,1.0
380.0,1.0,23.0,1.0,5.0,1.0,52.0,5.0,62.0,1.0,10.0,380.0,184.0,602.0,13.0,1.0,15.0,1.0,2.0,1.0,3.0
8.0,2.0,25.0,1.0,3.0,1.0,2.0,6.0,4.0,3.0,6.0,273.0,498.0,217.0,4.0,7.0,15.0,2.0,2.0,2.0,1.0
319.0,2.0,24.0,2.0,17.0,1.0,18.0,5.0,8.0,8.0,19.0,82.0,318.0,253.0,2.0,2.0,3.0,2.0,2.0,2.0,2.0
8.0,1.0,2.0,2.0,8.0,2.0,44.0,1.0,107.0,7.0,12.0,596.0,611.0,294.0,8.0,11.0,11.0,2.0,1.0,2.0,2.0
402.0,2.0,18.0,2.0,2.0,1.0,50.0,2.0,34.0,5.0,18.0,658.0,539.0,209.0,10.0,2.0,10.0,1.0,2.0,1.0,2.0
448.0,2.0,1.0,1.0,5.0,2.0,41.0,5.0,65.0,8.0,10.0,570.0,364.0,250.0,8.0,8.0,2.0,2.0,1.0,2.0,2.0
213.0,1.0,23.0,1.0,3.0,2.0,37.0,6.0,43.0,1.0,18.0,421.0,370.0,582.0,15.0,16.0,9.0,2.0,1.0,1.0,3.0
657.0,1.0,4.0,2.0,9.0,1.0,30.0,5.0,104.0,7.0,11.0,634.0,436.0,241.0,13.0,15.0,17.0,1.0,2.0,2.0,2.0
311.0,2.0,25.0,2.0,2.0,2.0,1.0,10.0,13.0,2.0,5.0,250.0,434.0,727.0,2.0,1.0,10.0,2.0,1.0,1.0,4.0
142.0,2.0,23.0,1.0,3.0,2.0,2.0,3.0,48.0,2.0,19.0,669.0,608.0,199.0,14.0,7.0,2.0,2.0,1.0,2.0,2.0
376.0,1.0,15.0,2.0,4.0,1.0,59.0,9.0,6.0,2.0,7.0,508.0,292.0,866.0,11.0,9.0,17.0,2.0,1.0,2.0,4.0
389.0,1.0,26.0,2.0,3.0,2.0,5.0,6.0,112.0,2.0,10.0,206.0,157.0,549.0,9.0,8.0,3.0,2.0,2.0,1.0,3.0
352.0,1.0,23.0,1.0,1.0,1.0,16.0,2.0,89.0,2.0,2.0,683.0,646.0,432.0,5.0,2.0,18.0,2.0,2.0,2.0,3.0
260.0,2.0,24.0,2.0,17.0,1.0,43.0,7.0,97.0,4.0,18.0,349.0,321.0,359.0,10.0,12.0,5.0,1.0,1.0,1.0,2.0
489.0,1.0,18.0,1.0,10.0,1.0,35.0,1.0,39.0,3.0,11.0,435.0,584.0,768.0,3.0,7.0,9.0,2.0,2.0,2.0,4.0
411.0,2.0,14.0,2.0,2.0,1.0,44.0,6.0,49.0,5.0,6.0,312.0,599.0,523.0,3.0,2.0,12.0,2.0,2.0,2.0,3.0
12.0,2.0,19.0,1.0,4.0,2.0,57.0,10.0,118.0,2.0,19.0,366.0,386.0,155.0,7.0,6.0,3.0,2.0,2.0,1.0,1.0
662.0,1.0,13.0,1.0,7.0,2.0,40.0,9.0,2.0,8.0,16.0,496.0,235.0,317.0,15.0,15.0,13.0,2.0,1.0,1.0,2.0
178.0,1.0,23.0,1.0,13.0,2.0,40.0,3.0,13.0,7.0,17.0,85.0,5.0,713.0,12.0,4.0,13.0,2.0,1.0,2.0,3.0
93.0,2.0,16.0,2.0,14.0,2.0,55.0,8.0,52.0,7.0,20.0,328.0,120.0,84.0,14.0,2.0,5.0,2.0,2.0,2.0,1.0
316.0,2.0,24.0,2.0,1.0,2.0,61.0,2.0,15.0,5.0,1.0,116.0,377.0,718.0,3.0,6.0,9.0,2.0,1.0,1.0,4.0
545.0,2.0,13.0,2.0,6.0,2.0,32.0,4.0,39.0,6.0,17.0,637.0,474.0,798.0,3.0,4.0,7.0,2.0,1.0,1.0,4.0
306.0,2.0,4.0,1.0,1.0,2.0,26.0,9.0,83.0,5.0,17.0,270.0,189.0,70.0,8.0,6.0,18.0,2.0,2.0,1.0,1.0
606.0,2.0,8.0,1.0,1.0,2.0,7.0,10.0,46.0,3.0,2.0,111.0,459.0,488.0,15.0,19.0,17.0,2.0,1.0,2.0,3.0
501.0,1.0,6.0,2.0,3.0,2.0,63.0,3.0,114.0,1.0,7.0,334.0,94.0,333.0,4.0,1.0,15.0,2.0,2.0,2.0,2.0
166.0,2.0,3.0,1.0,4.0,2.0,21.0,9.0,93.0,7.0,5.0,146.0,217.0,435.0,6.0,7.0,5.0,2.0,2.0,2.0,2.0
241.0,2.0,1.0,2.0,5.0,2.0,4.0,8.0,79.0,8.0,10.0,16.0,482.0,648.0,10.0,5.0,15.0,2.0,2.0,1.0,3.0
101.0,1.0,9.0,2.0,7.0,2.0,17.0,1.0,99.0,1.0,10.0,578.0,587.0,28.0,4.0,7.0,2.0,2.0,2.0,2.0,1.0
674.0,1.0,5.0,2.0,4.0,1.0,13.0,5.0,35.0,4.0,13.0,122.0,187.0,724.0,2.0,4.0,18.0,2.0,1.0,2.0,4.0
56.0,1.0,17.0,2.0,12.0,1.0,39.0,9.0,29.0,1.0,19.0,367.0,398.0,609.0,13.0,2.0,18.0,1.0,1.0,1.0,3.0
56.0,2.0,2.0,1.0,8.0,1.0,46.0,5.0,74.0,8.0,19.0,201.0,174.0,23.0,7.0,4.0,4.0,1.0,2.0,2.0,1.0
107.0,2.0,9.0,2.0,1.0,2.0,55.0,7.0,88.0,1.0,3.0,218.0,117.0,861.0,2.0,4.0,4.0,2.0,2.0,2.0,4.0
88.0,1.0,6.0,1.0,2.0,2.0,53.0,8.0,103.0,5.0,3.0,441.0,595.0,537.0,1.0,1.0,2.0,2.0,1.0,1.0,3.0
609.0,2.0,16.0,1.0,9.0,1.0,11.0,8.0,39.0,2.0,10.0,38.0,200.0,824.0,4.0,5.0,18.0,2.0,1.0,1.0,4.0
650.0,1.0,15.0,2.0,1.0,1.0,61.0,6.0,68.0,1.0,1.0,529.0,469.0,20.0,15.0,1.0,4.0,1.0,1.0,1.0,1.0
11.0,1.0,5.0,2.0,9.0,2.0,9.0,1.0,6.0,7.0,15.0,169.0,82.0,97.0,2.0,1.0,3.0,2.0,2.0,2.0,1.0
39.0,1.0,5.0,2.0,9.0,1.0,55.0,1.0,95.0,5.0,18.0,635.0,451.0,841.0,8.0,10.0,17.0,1.0,1.0,2.0,4.0
26.0,2.0,1.0,2.0,3.0,2.0,7.0,5.0,74.0,4.0,4.0,299.0,537.0,189.0,11.0,12.0,14.0,2.0,1.0,2.0,1.0
256.0,2.0,18.0,2.0,11.0,2.0,7.0,10.0,102.0,3.0,13.0,576.0,482.0,426.0,14.0,15.0,14.0,2.0,2.0,1.0,2.0
156.0,1.0,21.0,1.0,12.0,2.0,23.0,5.0,116.0,5.0,16.0,633.0,495.0,462.0,2.0,5.0,2.0,2.0,1.0,2.0,3.0
684.0,1.0,1.0,2.0,6.0,1.0,43.0,9.0,30.0,8.0,20.0,388.0,319.0,826.0,5.0,5.0,11.0,2.0,1.0,1.0,4.0
148.0,1.0,11.0,1.0,6.0,2.0,11.0,10.0,104.0,1.0,11.0,688.0,732.0,469.0,6.0,9.0,12.0,2.0,1.0,1.0,3.0
490.0,1.0,12.0,2.0,1.0,2.0,41.0,7.0,22.0,3.0,2.0,268.0,660.0,431.0,5.0,1.0,17.0,2.0,2.0,1.0,3.0
484.0,1.0,24.0,2.0,8.0,1.0,38.0,1.0,97.0,8.0,12.0,443.0,695.0,393.0,6.0,7.0,9.0,2.0,1.0,1.0,3.0
455.0,2.0,8.0,1.0,5.0,2.0,36.0,7.0,56.0,7.0,7.0,371.0,346.0,567.0,13.0,2.0,18.0,2.0,1.0,1.0,3.0
24.0,1.0,20.0,2.0,5.0,2.0,2.0,4.0,118.0,8.0,6.0,60.0,489.0,390.0,7.0,6.0,2.0,2.0,2.0,1.0,2.0
661.0,1.0,26.0,1.0,14.0,2.0,25.0,5.0,36.0,1.0,18.0,191.0,568.0,358.0,1.0,4.0,14.0,2.0,2.0,1.0,3.0
626.0,2.0,1.0,1.0,2.0,2.0,3.0,5.0,32.0,1.0,14.0,590.0,366.0,700.0,13.0,9.0,16.0,2.0,1.0,1.0,4.0
92.0,1.0,18.0,2.0,3.0,2.0,1.0,4.0,93.0,3.0,7.0,173.0,28.0,228.0,3.0,7.0,9.0,2.0,2.0,2.0,1.0
421.0,1.0,1.0,2.0,9.0,2.0,21.0,9.0,32.0,2.0,13.0,194.0,97.0,290.0,12.0,6.0,10.0,2.0,1.0,1.0,2.0
617.0,2.0,21.0,1.0,1.0,1.0,17.0,1.0,101.0,4.0,2.0,69.0,9.0,213.0,8.0,5.0,17.0,1.0,1.0,2.0,2.0
397.0,1.0,15.0,2.0,5.0,1.0,60.0,5.0,64.0,6.0,6.0,199.0,131.0,456.0,12.0,12.0,9.0,1.0,1.0,1.0,2.0
336.0,2.0,17.0,1.0,3.0,2.0,32.0,5.0,120.0,8.0,6.0,268.0,536.0,583.0,2.0,5.0,14.0,2.0,2.0,2.0,3.0
332.0,1.0,19.0,2.0,8.0,2.0,23.0,2.0,119.0,2.0,17.0,269.0,569.0,401.0,4.0,1.0,18.0,2.0,1.0,1.0,2.0
184.0,2.0,5.0,2.0,14.0,2.0,1.0,6.0,23.0,4.0,16.0,169.0,104.0,96.0,7.0,5.0,6.0,2.0,2.0,1.0,1.0
403.0,1.0,11.0,1.0,10.0,2.0,11.0,9.0,19.0,6.0,21.0,466.0,477.0,8.0,11.0,1.0,8.0,2.0,2.0,1.0,1.0
122.0,1.0,1.0,1.0,2.0,1.0,37.0,3.0,109.0,3.0,6.0,458.0,591.0,396.0,11.0,14.0,16.0,2.0,2.0,1.0,2.0
449.0,2.0,16.0,2.0,2.0,2.0,58.0,9.0,93.0,6.0,4.0,407.0,341.0,39.0,11.0,12.0,15.0,2.0,1.0,2.0,1.0
117.0,2.0,23.0,2.0,2.0,2.0,31.0,8.0,14.0,8.0,6.0,83.0,269.0,115.0,9.0,8.0,15.0,2.0,1.0,2.0,1.0
1.0,1.0,10.0,1.0,1.0,1.0,27.0,4.0,49.0,3.0,2.0,524.0,681.0,744.0,5.0,4.0,2.0,2.0,2.0,2.0,4.0
597.0,1.0,24.0,2.0,1.0,1.0,44.0,7.0,107.0,1.0,1.0,386.0,137.0,185.0,2.0,5.0,4.0,1.0,2.0,1.0,1.0
395.0,2.0,6.0,2.0,7.0,1.0,42.0,2.0,92.0,3.0,14.0,280.0,54.0,325.0,11.0,1.0,17.0,2.0,1.0,1.0,2.0
373.0,1.0,1.0,1.0,16.0,2.0,50.0,6.0,4.0,2.0,19.0,237.0,392.0,441.0,9.0,10.0,11.0,2.0,2.0,1.0,2.0
136.0,2.0,14.0,2.0,9.0,1.0,19.0,6.0,30.0,5.0,20.0,226.0,259.0,105.0,13.0,5.0,12.0,1.0,2.0,1.0,1.0
228.0,2.0,4.0,1.0,6.0,1.0,23.0,7.0,26.0,4.0,8.0,224.0,113.0,291.0,1.0,1.0,7.0,1.0,1.0,1.0,2.0
75.0,2.0,25.0,2.0,5.0,2.0,13.0,2.0,117.0,6.0,19.0,151.0,479.0,329.0,8.0,5.0,4.0,2.0,1.0,1.0,2.0
643.0,1.0,24.0,2.0,7.0,1.0,28.0,7.0,33.0,7.0,14.0,591.0,429.0,183.0,12.0,8.0,10.0,2.0,2.0,1.0,2.0
425.0,2.0,17.0,2.0,10.0,2.0,45.0,5.0,41.0,4.0,20.0,595.0,408.0,617.0,3.0,1.0,2.0,2.0,1.0,1.0,4.0
692.0,1.0,1.0,1.0,1.0,2.0,38.0,4.0,33.0,5.0,2.0,121.0,271.0,75.0,14.0,15.0,16.0,2.0,2.0,2.0,1.0
572.0,2.0,12.0,2.0,3.0,2.0,52.0,8.0,9.0,6.0,15.0,606.0,635.0,714.0,10.0,12.0,18.0,2.0,2.0,1.0,4.0
602.0,2.0,1.0,2.0,14.0,1.0,37.0,9.0,4.0,6.0,21.0,86.0,155.0,562.0,2.0,5.0,6.0,2.0,2.0,1.0,3.0
688.0,1.0,25.0,1.0,1.0,2.0,36.0,10.0,15.0,4.0,2.0,519.0,597.0,839.0,1.0,2.0,13.0,2.0,2.0,1.0,4.0
247.0,2.0,22.0,2.0,11.0,1.0,51.0,3.0,28.0,7.0,13.0,369.0,497.0,19.0,10.0,10.0,6.0,1.0,1.0,2.0,1.0
190.0,1.0,20.0,2.0,8.0,2.0,37.0,8.0,31.0,2.0,10.0,675.0,542.0,72.0,2.0,6.0,6.0,2.0,2.0,1.0,1.0
454.0,2.0,1.0,2.0,8.0,1.0,57.0,9.0,33.0,3.0,10.0,514.0,387.0,323.0,11.0,14.0,15.0,1.0,2.0,2.0,2.0
416.0,1.0,1.0,2.0,7.0,2.0,22.0,4.0,18.0,5.0,18.0,355.0,161.0,534.0,9.0,8.0,10.0,2.0,1.0,2.0,3.0
127.0,2.0,22.0,1.0,6.0,2.0,51.0,8.0,62.0,3.0,19.0,471.0,238.0,524.0,7.0,6.0,5.0,2.0,2.0,2.0,3.0
595.0,1.0,10.0,2.0,4.0,2.0,19.0,1.0,55.0,8.0,7.0,219.0,169.0,358.0,14.0,8.0,12.0,2.0,2.0,2.0,2.0
333.0,2.0,4.0,2.0,1.0,2.0,50.0,9.0,119.0,5.0,6.0,45.0,43.0,93.0,11.0,11.0,18.0,2.0,1.0,1.0,1.0
602.0,1.0,13.0,2.0,2.0,2.0,57.0,9.0,118.0,3.0,18.0,449.0,266.0,267.0,14.0,4.0,1.0,2.0,2.0,2.0,2.0
404.0,2.0,1.0,2.0,1.0,2.0,57.0,8.0,7.0,2.0,4.0,149.0,281.0,454.0,13.0,3.0,15.0,2.0,2.0,1.0,2.0
72.0,1.0,25.0,1.0,1.0,1.0,37.0,5.0,51.0,1.0,11.0,477.0,329.0,81.0,4.0,5.0,10.0,2.0,2.0,2.0,1.0
703.0,2.0,2.0,1.0,3.0,1.0,24.0,10.0,30.0,6.0,10.0,65.0,126.0,318.0,5.0,8.0,17.0,2.0,2.0,2.0,2.0
207.0,1.0,13.0,1.0,3.0,1.0,11.0,8.0,100.0,2.0,10.0,439.0,193.0,450.0,10.0,9.0,13.0,1.0,1.0,2.0,2.0
211.0,1.0,14.0,2.0,10.0,1.0,32.0,2.0,112.0,8.0,20.0,78.0,216.0,125.0,10.0,14.0,7.0,1.0,1.0,1.0,1.0
199.0,1.0,13.0,2.0,13.0,1.0,57.0,2.0,121.0,5.0,15.0,460.0,740.0,191.0,13.0,13.0,4.0,1.0,1.0,1.0,1.0
549.0,1.0,1.0,1.0,2.0,2.0,56.0,2.0,114.0,1.0,7.0,385.0,215.0,732.0,5.0,1.0,14.0,2.0,2.0,2.0,4.0
317.0,2.0,13.0,1.0,6.0,2.0,41.0,5.0,38.0,5.0,8.0,545.0,679.0,862.0,13.0,15.0,18.0,2.0,2.0,1.0,4.0
333.0,2.0,12.0,2.0,6.0,2.0,31.0,2.0,102.0,1.0,17.0,246.0,64.0,263.0,7.0,11.0,12.0,2.0,2.0,1.0,1.0
686.0,1.0,1.0,2.0,1.0,1.0,62.0,4.0,102.0,8.0,7.0,147.0,92.0,666.0,10.0,4.0,15.0,2.0,2.0,2.0,4.0
415.0,1.0,10.0,1.0,9.0,2.0,37.0,10.0,91.0,5.0,11.0,338.0,222.0,293.0,12.0,5.0,18.0,2.0,1.0,2.0,2.0
16.0,2.0,11.0,2.0,4.0,2.0,2.0,3.0,10.0,1.0,9.0,30.0,8.0,627.0,14.0,1.0,15.0,2.0,1.0,2.0,3.0
407.0,2.0,5.0,2.0,8.0,2.0,27.0,7.0,16.0,6.0,9.0,594.0,712.0,697.0,8.0,4.0,18.0,2.0,2.0,2.0,4.0
625.0,2.0,22.0,1.0,8.0,2.0,8.0,9.0,33.0,2.0,13.0,94.0,382.0,44.0,5.0,4.0,4.0,2.0,1.0,1.0,1.0
663.0,2.0,23.0,1.0,2.0,2.0,52.0,1.0,67.0,4.0,4.0,51.0,68.0,298.0,6.0,7.0,5.0,2.0,2.0,2.0,2.0
498.0,1.0,6.0,1.0,5.0,2.0,39.0,4.0,83.0,5.0,8.0,58.0,555.0,135.0,8.0,8.0,2.0,2.0,1.0,1.0,1.0
522.0,2.0,20.0,1.0,6.0,1.0,14.0,9.0,78.0,8.0,7.0,498.0,253.0,391.0,9.0,11.0,10.0,2.0,1.0,1.0,3.0
335.0,1.0,1.0,2.0,12.0,1.0,23.0,6.0,51.0,2.0,17.0,16.0,139.0,535.0,12.0,2.0,5.0,2.0,2.0,2.0,3.0
613.0,2.0,1.0,2.0,2.0,1.0,44.0,8.0,66.0,4.0,17.0,133.0,322.0,157.0,6.0,1.0,2.0,1.0,1.0,1.0,1.0
320.0,1.0,17.0,1.0,3.0,2.0,26.0,7.0,58.0,1.0,16.0,663.0,653.0,690.0,4.0,1.0,1.0,2.0,1.0,1.0,4.0
111.0,2.0,15.0,2.0,1.0,2.0,9.0,5.0,80.0,1.0,4.0,178.0,142.0,481.0,8.0,5.0,15.0,2.0,1.0,1.0,2.0
21.0,1.0,5.0,1.0,4.0,2.0,5.0,4.0,12.0,1.0,10.0,163.0,397.0,83.0,4.0,6.0,11.0,2.0,1.0,2.0,1.0
419.0,2.0,1.0,2.0,19.0,1.0,39.0,1.0,69.0,1.0,21.0,306.0,89.0,767.0,8.0,2.0,10.0,1.0,1.0,1.0,4.0
639.0,1.0,2.0,1.0,19.0,2.0,56.0,8.0,32.0,5.0,21.0,103.0,191.0,188.0,1.0,4.0,7.0,2.0,2.0,2.0,1.0
393.0,1.0,9.0,1.0,1.0,1.0,30.0,7.0,38.0,8.0,1.0,337.0,125.0,376.0,7.0,10.0,11.0,1.0,2.0,2.0,2.0
70.0,2.0,25.0,2.0,4.0,1.0,4.0,1.0,106.0,3.0,7.0,244.0,521.0,235.0,7.0,2.0,3.0,2.0,1.0,1.0,1.0
552.0,1.0,16.0,1.0,3.0,1.0,57.0,7.0,40.0,7.0,4.0,253.0,611.0,572.0,4.0,1.0,4.0,2.0,1.0,1.0,4.0
318.0,2.0,19.0,2.0,1.0,2.0,2.0,10.0,16.0,2.0,1.0,549.0,496.0,819.0,7.0,2.0,1.0,2.0,2.0,1.0,4.0
415.0,2.0,22.0,1.0,5.0,1.0,42.0,4.0,115.0,6.0,9.0,551.0,576.0,645.0,2.0,6.0,10.0,1.0,2.0,1.0,4.0
456.0,1.0,2.0,1.0,9.0,2.0,39.0,8.0,42.0,8.0,13.0,152.0,506.0,474.0,6.0,9.0,3.0,2.0,1.0,1.0,3.0
499.0,1.0,12.0,1.0,2.0,2.0,6.0,5.0,64.0,8.0,15.0,169.0,645.0,663.0,5.0,1.0,10.0,2.0,2.0,1.0,4.0
569.0,2.0,10.0,1.0,10.0,1.0,40.0,1.0,60.0,2.0,18.0,112.0,624.0,86.0,12.0,6.0,19.0,1.0,1.0,2.0,1.0
512.0,1.0,26.0,1.0,14.0,1.0,22.0,6.0,99.0,3.0,19.0,516.0,344.0,779.0,12.0,12.0,8.0,2.0,2.0,2.0,4.0
511.0,1.0,13.0,1.0,6.0,1.0,34.0,9.0,94.0,4.0,7.0,116.0,340.0,516.0,14.0,7.0,3.0,2.0,2.0,2.0,3.0
618.0,1.0,7.0,1.0,5.0,1.0,10.0,4.0,24.0,7.0,10.0,22.0,130.0,76.0,10.0,12.0,12.0,2.0,2.0,2.0,1.0
133.0,2.0,2.0,1.0,13.0,2.0,32.0,4.0,11.0,2.0,15.0,77.0,83.0,324.0,14.0,3.0,17.0,2.0,1.0,2.0,2.0
599.0,2.0,4.0,1.0,2.0,1.0,6.0,5.0,110.0,7.0,5.0,119.0,152.0,176.0,8.0,8.0,7.0,1.0,2.0,1.0,1.0
652.0,1.0,1.0,2.0,1.0,2.0,46.0,1.0,6.0,7.0,1.0,22.0,593.0,543.0,10.0,14.0,18.0,2.0,1.0,2.0,4.0
234.0,2.0,5.0,1.0,6.0,1.0,5.0,6.0,84.0,6.0,18.0,422.0,567.0,820.0,4.0,8.0,17.0,1.0,1.0,1.0,4.0
526.0,1.0,5.0,2.0,3.0,2.0,9.0,6.0,93.0,7.0,6.0,653.0,568.0,425.0,8.0,8.0,17.0,2.0,1.0,1.0,3.0
690.0,1.0,19.0,2.0,10.0,1.0,41.0,7.0,29.0,4.0,13.0,23.0,118.0,126.0,9.0,4.0,13.0,1.0,2.0,2.0,1.0
280.0,1.0,22.0,2.0,7.0,1.0,48.0,6.0,54.0,7.0,21.0,523.0,347.0,455.0,15.0,17.0,1.0,1.0,1.0,2.0,3.0
536.0,2.0,16.0,2.0,8.0,2.0,10.0,5.0,112.0,4.0,12.0,277.0,566.0,335.0,9.0,3.0,12.0,2.0,1.0,2.0,2.0
427.0,2.0,9.0,1.0,6.0,1.0,50.0,10.0,50.0,3.0,16.0,467.0,624.0,550.0,13.0,16.0,1.0,1.0,2.0,1.0,4.0
407.0,1.0,13.0,2.0,10.0,1.0,45.0,1.0,28.0,2.0,20.0,39.0,25.0,259.0,12.0,8.0,12.0,2.0,1.0,1.0,2.0
425.0,2.0,22.0,2.0,2.0,2.0,38.0,2.0,50.0,5.0,3.0,308.0,361.0,3.0,2.0,2.0,14.0,2.0,2.0,1.0,1.0
514.0,2.0,24.0,1.0,1.0,2.0,17.0,4.0,69.0,5.0,14.0,286.0,22.0,669.0,2.0,3.0,6.0,2.0,2.0,2.0,4.0
493.0,1.0,17.0,2.0,7.0,2.0,63.0,4.0,4.0,5.0,17.0,197.0,47.0,604.0,2.0,2.0,1.0,2.0,2.0,2.0,3.0
331.0,1.0,17.0,1.0,1.0,1.0,1.0,3.0,14.0,3.0,1.0,266.0,18.0,263.0,15.0,14.0,1.0,1.0,2.0,1.0,1.0
506.0,1.0,1.0,2.0,9.0,2.0,1.0,9.0,11.0,2.0,12.0,38.0,7.0,777.0,7.0,7.0,5.0,2.0,2.0,2.0,4.0
239.0,2.0,1.0,2.0,2.0,1.0,14.0,5.0,80.0,5.0,11.0,46.0,478.0,360.0,13.0,11.0,6.0,2.0,2.0,2.0,2.0
680.0,2.0,21.0,1.0,7.0,2.0,7.0,4.0,115.0,1.0,8.0,332.0,301.0,417.0,6.0,6.0,3.0,2.0,2.0,2.0,3.0
472.0,1.0,1.0,1.0,1.0,1.0,53.0,1.0,5.0,6.0,2.0,311.0,493.0,349.0,12.0,8.0,18.0,1.0,2.0,2.0,2.0
712.0,1.0,4.0,1.0,6.0,2.0,12.0,2.0,29.0,8.0,8.0,415.0,723.0,210.0,3.0,6.0,16.0,2.0,2.0,1.0,2.0
430.0,1.0,24.0,2.0,3.0,2.0,18.0,6.0,15.0,4.0,4.0,528.0,572.0,342.0,2.0,2.0,7.0,2.0,1.0,2.0,2.0
647.0,1.0,12.0,2.0,6.0,2.0,24.0,1.0,6.0,3.0,16.0,332.0,416.0,676.0,4.0,5.0,3.0,2.0,1.0,1.0,4.0
474.0,1.0,10.0,2.0,8.0,1.0,5.0,1.0,103.0,8.0,11.0,462.0,305.0,301.0,13.0,1.0,18.0,2.0,1.0,2.0,2.0
276.0,2.0,8.0,2.0,19.0,2.0,28.0,8.0,22.0,6.0,20.0,97.0,39.0,479.0,9.0,4.0,2.0,2.0,2.0,2.0,2.0
430.0,2.0,17.0,2.0,1.0,1.0,2.0,3.0,94.0,2.0,13.0,22.0,144.0,438.0,11.0,15.0,4.0,2.0,2.0,2.0,2.0
136.0,1.0,7.0,1.0,1.0,2.0,37.0,4.0,120.0,7.0,3.0,196.0,706.0,559.0,10.0,14.0,19.0,2.0,1.0,2.0,3.0
465.0,2.0,5.0,2.0,7.0,2.0,35.0,5.0,3.0,5.0,13.0,372.0,574.0,181.0,8.0,5.0,14.0,2.0,1.0,2.0,1.0
8.0,2.0,16.0,2.0,12.0,2.0,32.0,7.0,56.0,1.0,13.0,300.0,198.0,160.0,15.0,4.0,8.0,2.0,2.0,1.0,1.0
714.0,1.0,14.0,2.0,17.0,2.0,9.0,9.0,7.0,3.0,19.0,81.0,38.0,430.0,10.0,9.0,3.0,2.0,1.0,1.0,3.0
602.0,1.0,12.0,1.0,1.0,1.0,14.0,1.0,87.0,5.0,2.0,183.0,656.0,388.0,8.0,8.0,6.0,2.0,1.0,1.0,3.0
409.0,1.0,6.0,1.0,4.0,2.0,41.0,1.0,65.0,7.0,5.0,327.0,202.0,129.0,10.0,9.0,9.0,2.0,2.0,2.0,1.0
293.0,1.0,7.0,2.0,1.0,1.0,41.0,4.0,35.0,1.0,5.0,417.0,450.0,588.0,8.0,4.0,1.0,1.0,1.0,2.0,3.0
242.0,2.0,18.0,2.0,6.0,2.0,37.0,3.0,16.0,7.0,10.0,5.0,419.0,25.0,11.0,14.0,11.0,2.0,2.0,1.0,1.0
167.0,1.0,7.0,2.0,8.0,2.0,38.0,4.0,28.0,4.0,17.0,685.0,658.0,60.0,14.0,5.0,15.0,2.0,1.0,1.0,1.0
313.0,1.0,1.0,2.0,5.0,2.0,20.0,5.0,73.0,7.0,7.0,456.0,243.0,207.0,11.0,3.0,18.0,2.0,1.0,1.0,1.0
164.0,2.0,1.0,1.0,1.0,1.0,58.0,2.0,24.0,6.0,17.0,155.0,553.0,203.0,4.0,7.0,9.0,1.0,1.0,1.0,1.0
310.0,2.0,5.0,2.0,1.0,1.0,39.0,1.0,40.0,3.0,2.0,129.0,26.0,727.0,9.0,5.0,1.0,2.0,1.0,1.0,4.0
292.0,2.0,14.0,2.0,5.0,1.0,7.0,5.0,21.0,3.0,9.0,360.0,213.0,785.0,1.0,1.0,13.0,2.0,2.0,2.0,4.0
423.0,1.0,3.0,1.0,9.0,2.0,24.0,4.0,29.0,7.0,21.0,275.0,96.0,855.0,12.0,5.0,4.0,2.0,1.0,1.0,4.0
268.0,1.0,6.0,1.0,3.0,1.0,27.0,2.0,75.0,4.0,7.0,527.0,359.0,849.0,7.0,2.0,15.0,2.0,2.0,1.0,4.0
301.0,1.0,21.0,2.0,5.0,1.0,45.0,4.0,73.0,1.0,12.0,66.0,735.0,150.0,10.0,9.0,1.0,1.0,1.0,1.0,1.0
355.0,1.0,1.0,2.0,9.0,1.0,51.0,8.0,42.0,3.0,20.0,476.0,472.0,270.0,14.0,13.0,18.0,1.0,2.0,2.0,2.0
544.0,2.0,14.0,1.0,10.0,1.0,51.0,9.0,109.0,5.0,12.0,310.0,70.0,478.0,9.0,1.0,8.0,1.0,1.0,2.0,3.0
624.0,2.0,12.0,2.0,3.0,1.0,22.0,8.0,108.0,2.0,9.0,110.0,309.0,388.0,11.0,3.0,6.0,1.0,1.0,1.0,3.0
86.0,2.0,20.0,1.0,6.0,1.0,48.0,6.0,51.0,1.0,10.0,4.0,715.0,435.0,4.0,1.0,19.0,2.0,2.0,1.0,2.0
523.0,2.0,20.0,1.0,5.0,1.0,2.0,5.0,113.0,8.0,6.0,374.0,105.0,95.0,15.0,7.0,11.0,2.0,1.0,2.0,1.0
341.0,1.0,4.0,1.0,6.0,1.0,60.0,6.0,66.0,3.0,17.0,193.0,270.0,13.0,3.0,1.0,13.0,1.0,2.0,1.0,1.0
36.0,1.0,24.0,1.0,5.0,2.0,34.0,2.0,20.0,6.0,6.0,315.0,504.0,654.0,8.0,2.0,15.0,2.0,1.0,1.0,3.0
312.0,2.0,25.0,1.0,1.0,1.0,63.0,10.0,64.0,8.0,1.0,212.0,17.0,411.0,12.0,6.0,14.0,1.0,2.0,2.0,2.0
482.0,1.0,1.0,1.0,14.0,1.0,35.0,4.0,106.0,1.0,17.0,243.0,628.0,90.0,6.0,8.0,17.0,1.0,1.0,2.0,1.0
635.0,2.0,19.0,1.0,10.0,2.0,26.0,8.0,84.0,8.0,12.0,33.0,248.0,505.0,11.0,12.0,1.0,2.0,1.0,2.0,3.0
464.0,2.0,20.0,1.0,3.0,2.0,44.0,6.0,4.0,5.0,9.0,136.0,79.0,166.0,9.0,13.0,6.0,2.0,1.0,2.0,1.0
540.0,2.0,19.0,1.0,5.0,1.0,47.0,4.0,42.0,1.0,9.0,600.0,550.0,512.0,1.0,5.0,13.0,2.0,1.0,1.0,3.0
84.0,1.0,1.0,2.0,1.0,1.0,45.0,7.0,65.0,2.0,1.0,269.0,681.0,625.0,13.0,8.0,13.0,1.0,1.0,2.0,3.0
38.0,2.0,7.0,1.0,3.0,1.0,9.0,2.0,84.0,5.0,12.0,345.0,665.0,618.0,13.0,8.0,19.0,2.0,1.0,2.0,3.0
193.0,2.0,24.0,1.0,4.0,1.0,55.0,9.0,33.0,4.0,19.0,353.0,116.0,463.0,4.0,3.0,13.0,2.0,2.0,2.0,2.0
278.0,2.0,1.0,1.0,5.0,2.0,41.0,7.0,33.0,7.0,8.0,444.0,164.0,542.0,2.0,4.0,2.0,2.0,1.0,1.0,3.0
366.0,1.0,4.0,2.0,17.0,1.0,23.0,8.0,37.0,5.0,21.0,557.0,413.0,73.0,5.0,3.0,19.0,1.0,2.0,2.0,1.0
716.0,2.0,9.0,2.0,9.0,2.0,42.0,10.0,74.0,5.0,16.0,1.0,195.0,435.0,3.0,7.0,19.0,2.0,2.0,1.0,3.0
233.0,1.0,17.0,1.0,2.0,2.0,16.0,7.0,83.0,4.0,4.0,194.0,6.0,377.0,12.0,1.0,8.0,2.0,1.0,2.0,2.0
581.0,2.0,1.0,2.0,9.0,2.0,46.0,4.0,37.0,8.0,10.0,480.0,345.0,670.0,14.0,16.0,10.0,2.0,1.0,2.0,4.0
514.0,1.0,1.0,1.0,16.0,2.0,25.0,6.0,78.0,2.0,21.0,184.0,441.0,48.0,4.0,1.0,10.0,2.0,1.0,1.0,1.0
585.0,1.0,16.0,2.0,2.0,1.0,20.0,2.0,26.0,2.0,9.0,62.0,541.0,112.0,12.0,1.0,11.0,2.0,2.0,1.0,1.0
661.0,2.0,12.0,1.0,1.0,2.0,46.0,1.0,101.0,5.0,7.0,205.0,540.0,701.0,8.0,4.0,16.0,2.0,1.0,2.0,4.0
329.0,1.0,20.0,2.0,8.0,2.0,37.0,7.0,83.0,6.0,17.0,589.0,731.0,372.0,12.0,5.0,17.0,2.0,2.0,2.0,2.0
266.0,1.0,10.0,2.0,7.0,2.0,36.0,5.0,105.0,7.0,11.0,229.0,11.0,834.0,1.0,3.0,12.0,2.0,2.0,2.0,4.0
413.0,2.0,22.0,1.0,8.0,1.0,25.0,5.0,4.0,5.0,18.0,145.0,438.0,16.0,4.0,3.0,8.0,2.0,1.0,1.0,1.0
251.0,1.0,15.0,1.0,13.0,1.0,23.0,8.0,49.0,8.0,18.0,433.0,503.0,103.0,2.0,1.0,16.0,1.0,2.0,1.0,1.0
303.0,2.0,25.0,2.0,11.0,1.0,4.0,1.0,66.0,3.0,16.0,375.0,515.0,521.0,7.0,9.0,9.0,1.0,2.0,2.0,3.0
588.0,1.0,9.0,2.0,3.0,2.0,47.0,4.0,119.0,2.0,14.0,652.0,714.0,495.0,4.0,3.0,10.0,2.0,2.0,2.0,3.0
665.0,1.0,17.0,2.0,14.0,2.0,16.0,5.0,48.0,4.0,18.0,508.0,509.0,523.0,1.0,3.0,13.0,2.0,2.0,2.0,3.0
276.0,2.0,26.0,2.0,2.0,1.0,55.0,6.0,32.0,7.0,9.0,442.0,183.0,285.0,1.0,1.0,12.0,2.0,1.0,1.0,2.0
149.0,2.0,20.0,2.0,3.0,1.0,58.0,7.0,31.0,1.0,4.0,480.0,736.0,608.0,8.0,3.0,19.0,2.0,2.0,1.0,3.0
53.0,1.0,9.0,2.0,16.0,2.0,1.0,4.0,60.0,3.0,17.0,60.0,76.0,788.0,9.0,5.0,7.0,2.0,1.0,1.0,3.0
305.0,1.0,2.0,1.0,6.0,1.0,50.0,5.0,96.0,8.0,13.0,174.0,42.0,416.0,1.0,3.0,17.0,2.0,1.0,1.0,2.0
352.0,2.0,3.0,1.0,9.0,1.0,12.0,9.0,7.0,3.0,19.0,418.0,186.0,63.0,7.0,10.0,2.0,2.0,2.0,2.0,1.0
17.0,1.0,9.0,1.0,2.0,1.0,52.0,5.0,72.0,7.0,4.0,180.0,123.0,118.0,6.0,3.0,15.0,1.0,2.0,1.0,1.0
342.0,2.0,13.0,1.0,2.0,1.0,6.0,4.0,23.0,3.0,3.0,629.0,447.0,552.0,14.0,6.0,14.0,2.0,2.0,1.0,3.0
205.0,1.0,23.0,2.0,1.0,2.0,2.0,5.0,21.0,4.0,1.0,153.0,423.0,847.0,14.0,9.0,9.0,2.0,1.0,1.0,4.0
229.0,2.0,1.0,1.0,4.0,1.0,36.0,7.0,44.0,3.0,8.0,642.0,700.0,141.0,2.0,6.0,19.0,2.0,1.0,1.0,1.0
420.0,2.0,3.0,1.0,11.0,1.0,47.0,5.0,55.0,8.0,17.0,387.0,119.0,817.0,11.0,1.0,4.0,1.0,1.0,2.0,4.0
115.0,1.0,9.0,2.0,13.0,2.0,47.0,5.0,62.0,4.0,17.0,369.0,659.0,145.0,14.0,11.0,3.0,2.0,1.0,1.0,1.0
252.0,1.0,16.0,2.0,10.0,2.0,10.0,8.0,53.0,1.0,17.0,134.0,300.0,165.0,7.0,5.0,7.0,2.0,2.0,2.0,1.0
517.0,2.0,20.0,2.0,3.0,1.0,21.0,7.0,2.0,2.0,8.0,87.0,323.0,194.0,12.0,9.0,6.0,1.0,1.0,2.0,1.0
456.0,1.0,24.0,2.0,11.0,2.0,10.0,5.0,76.0,1.0,15.0,103.0,640.0,489.0,5.0,4.0,7.0,2.0,2.0,1.0,3.0
400.0,2.0,25.0,1.0,6.0,1.0,25.0,9.0,66.0,4.0,13.0,42.0,360.0,518.0,13.0,1.0,7.0,1.0,1.0,2.0,3.0
676.0,2.0,7.0,1.0,4.0,1.0,24.0,4.0,27.0,5.0,13.0,235.0,85.0,223.0,7.0,1.0,1.0,2.0,1.0,1.0,2.0
325.0,2.0,18.0,1.0,5.0,2.0,62.0,7.0,4.0,1.0,6.0,241.0,704.0,538.0,7.0,11.0,10.0,2.0,1.0,2.0,3.0
387.0,1.0,11.0,2.0,7.0,1.0,63.0,2.0,67.0,8.0,14.0,419.0,497.0,22.0,2.0,2.0,11.0,1.0,2.0,1.0,1.0
577.0,1.0,1.0,1.0,1.0,2.0,54.0,8.0,65.0,3.0,4.0,142.0,394.0,659.0,11.0,8.0,18.0,2.0,2.0,1.0,4.0
673.0,1.0,4.0,2.0,3.0,2.0,26.0,6.0,119.0,6.0,8.0,553.0,458.0,483.0,1.0,5.0,18.0,2.0,1.0,2.0,3.0
594.0,2.0,1.0,2.0,7.0,1.0,36.0,7.0,104.0,1.0,17.0,8.0,516.0,256.0,13.0,10.0,9.0,1.0,1.0,2.0,2.0
391.0,2.0,1.0,2.0,1.0,1.0,47.0,5.0,13.0,6.0,4.0,433.0,256.0,498.0,1.0,5.0,15.0,1.0,2.0,1.0,3.0
706.0,1.0,21.0,2.0,5.0,1.0,32.0,7.0,117.0,3.0,16.0,525.0,305.0,616.0,12.0,12.0,3.0,2.0,2.0,2.0,4.0
382.0,1.0,1.0,1.0,2.0,2.0,61.0,5.0,63.0,4.0,3.0,318.0,104.0,809.0,14.0,14.0,7.0,2.0,1.0,2.0,4.0
365.0,1.0,12.0,2.0,1.0,1.0,51.0,6.0,108.0,8.0,5.0,296.0,162.0,79.0,3.0,4.0,7.0,2.0,2.0,2.0,1.0
501.0,2.0,1.0,2.0,13.0,2.0,19.0,9.0,65.0,5.0,15.0,332.0,445.0,357.0,7.0,11.0,4.0,2.0,1.0,1.0,2.0
85.0,1.0,1.0,1.0,2.0,1.0,37.0,1.0,26.0,8.0,6.0,340.0,117.0,440.0,2.0,2.0,17.0,1.0,2.0,2.0,2.0
42.0,2.0,19.0,2.0,7.0,2.0,50.0,9.0,77.0,4.0,15.0,593.0,425.0,524.0,2.0,4.0,17.0,2.0,2.0,1.0,3.0
695.0,1.0,17.0,1.0,6.0,1.0,21.0,5.0,53.0,6.0,7.0,537.0,563.0,168.0,12.0,6.0,3.0,2.0,1.0,2.0,2.0
155.0,1.0,7.0,2.0,3.0,1.0,43.0,9.0,67.0,2.0,5.0,162.0,13.0,702.0,4.0,6.0,16.0,2.0,2.0,1.0,3.0
116.0,2.0,1.0,2.0,10.0,2.0,62.0,1.0,74.0,4.0,11.0,394.0,242.0,634.0,8.0,10.0,11.0,2.0,1.0,2.0,3.0
154.0,2.0,1.0,2.0,11.0,2.0,14.0,3.0,70.0,8.0,13.0,101.0,16.0,114.0,2.0,1.0,18.0,2.0,2.0,1.0,1.0
467.0,1.0,18.0,2.0,9.0,2.0,18.0,3.0,95.0,4.0,11.0,57.0,67.0,403.0,4.0,1.0,9.0,2.0,1.0,1.0,2.0
584.0,2.0,2.0,2.0,2.0,1.0,56.0,3.0,43.0,5.0,20.0,636.0,520.0,664.0,8.0,9.0,10.0,1.0,2.0,1.0,4.0
654.0,1.0,12.0,1.0,3.0,2.0,59.0,10.0,45.0,6.0,17.0,294.0,33.0,282.0,10.0,9.0,17.0,2.0,2.0,1.0,2.0
561.0,1.0,1.0,1.0,2.0,2.0,32.0,9.0,48.0,2.0,4.0,115.0,154.0,359.0,1.0,1.0,5.0,2.0,2.0,2.0,2.0
590.0,1.0,10.0,2.0,9.0,1.0,56.0,5.0,109.0,4.0,16.0,323.0,41.0,825.0,5.0,5.0,5.0,1.0,2.0,2.0,4.0
50.0,1.0,21.0,1.0,8.0,2.0,58.0,3.0,87.0,4.0,12.0,48.0,72.0,379.0,7.0,3.0,9.0,2.0,2.0,1.0,2.0
279.0,1.0,21.0,2.0,7.0,2.0,30.0,6.0,83.0,1.0,12.0,329.0,342.0,580.0,6.0,5.0,15.0,2.0,2.0,2.0,3.0
463.0,2.0,10.0,1.0,12.0,2.0,7.0,7.0,85.0,4.0,15.0,424.0,630.0,657.0,3.0,4.0,14.0,2.0,1.0,1.0,4.0
252.0,2.0,12.0,2.0,7.0,1.0,31.0,6.0,120.0,7.0,14.0,471.0,617.0,420.0,10.0,10.0,4.0,2.0,2.0,2.0,2.0
18.0,1.0,1.0,1.0,9.0,2.0,26.0,3.0,29.0,1.0,14.0,671.0,723.0,321.0,10.0,8.0,19.0,2.0,1.0,2.0,2.0
372.0,1.0,7.0,1.0,1.0,2.0,33.0,2.0,6.0,3.0,2.0,71.0,117.0,339.0,15.0,18.0,7.0,2.0,2.0,2.0,2.0
371.0,2.0,22.0,2.0,2.0,2.0,42.0,8.0,45.0,1.0,4.0,93.0,19.0,494.0,14.0,16.0,10.0,2.0,1.0,1.0,3.0
473.0,2.0,16.0,1.0,1.0,2.0,53.0,7.0,48.0,8.0,1.0,118.0,307.0,706.0,13.0,2.0,3.0,2.0,1.0,2.0,4.0
200.0,2.0,19.0,2.0,1.0,2.0,46.0,5.0,40.0,3.0,4.0,401.0,148.0,730.0,10.0,11.0,4.0,2.0,1.0,2.0,4.0
461.0,2.0,22.0,2.0,4.0,2.0,13.0,3.0,22.0,8.0,7.0,382.0,112.0,126.0,1.0,4.0,3.0,2.0,1.0,1.0,1.0
115.0,2.0,1.0,1.0,7.0,1.0,59.0,1.0,13.0,4.0,10.0,375.0,259.0,645.0,15.0,13.0,13.0,1.0,2.0,2.0,3.0
262.0,2.0,15.0,1.0,4.0,2.0,37.0,7.0,59.0,7.0,6.0,65.0,355.0,764.0,1.0,1.0,10.0,2.0,2.0,1.0,4.0
165.0,1.0,23.0,2.0,19.0,1.0,30.0,4.0,82.0,1.0,21.0,30.0,550.0,67.0,10.0,2.0,13.0,2.0,2.0,1.0,1.0
68.0,2.0,14.0,2.0,1.0,1.0,27.0,4.0,120.0,1.0,21.0,303.0,373.0,597.0,4.0,7.0,4.0,1.0,1.0,2.0,3.0
83.0,1.0,3.0,2.0,9.0,1.0,22.0,8.0,57.0,4.0,15.0,371.0,428.0,802.0,15.0,11.0,9.0,2.0,2.0,1.0,4.0
620.0,2.0,19.0,1.0,6.0,1.0,28.0,9.0,117.0,1.0,7.0,535.0,538.0,504.0,6.0,8.0,1.0,2.0,2.0,1.0,3.0
299.0,1.0,1.0,2.0,3.0,1.0,56.0,6.0,50.0,5.0,16.0,673.0,617.0,452.0,10.0,8.0,15.0,2.0,2.0,1.0,3.0
386.0,2.0,26.0,1.0,6.0,2.0,32.0,6.0,57.0,4.0,14.0,13.0,602.0,485.0,7.0,2.0,9.0,2.0,2.0,1.0,3.0
208.0,1.0,8.0,2.0,3.0,2.0,21.0,1.0,83.0,2.0,4.0,554.0,584.0,808.0,3.0,5.0,4.0,2.0,1.0,2.0,4.0
171.0,1.0,7.0,2.0,12.0,2.0,18.0,5.0,60.0,5.0,17.0,501.0,596.0,499.0,6.0,5.0,16.0,2.0,2.0,2.0,3.0
321.0,2.0,25.0,2.0,3.0,1.0,56.0,3.0,67.0,7.0,20.0,8.0,26.0,236.0,6.0,3.0,2.0,2.0,1.0,2.0,1.0
655.0,1.0,20.0,1.0,12.0,1.0,21.0,7.0,89.0,2.0,19.0,95.0,493.0,253.0,11.0,12.0,12.0,2.0,1.0,1.0,2.0
278.0,1.0,23.0,2.0,4.0,1.0,35.0,7.0,26.0,3.0,12.0,617.0,414.0,509.0,15.0,16.0,5.0,1.0,2.0,2.0,3.0
682.0,1.0,14.0,1.0,2.0,1.0,14.0,9.0,7.0,2.0,6.0,297.0,589.0,122.0,1.0,3.0,7.0,1.0,2.0,1.0,1.0
169.0,1.0,2.0,2.0,4.0,2.0,39.0,7.0,87.0,4.0,10.0,261.0,432.0,507.0,4.0,4.0,5.0,2.0,2.0,1.0,3.0
694.0,2.0,11.0,1.0,2.0,2.0,6.0,5.0,96.0,8.0,20.0,299.0,448.0,254.0,1.0,2.0,7.0,2.0,2.0,1.0,2.0
709.0,1.0,1.0,1.0,4.0,1.0,37.0,2.0,24.0,5.0,11.0,167.0,274.0,252.0,1.0,1.0,10.0,1.0,1.0,1.0,2.0
507.0,2.0,25.0,2.0,6.0,2.0,20.0,5.0,118.0,3.0,20.0,482.0,463.0,389.0,7.0,4.0,14.0,2.0,2.0,1.0,3.0
80.0,2.0,3.0,2.0,4.0,1.0,11.0,4.0,82.0,8.0,15.0,284.0,150.0,770.0,15.0,19.0,11.0,2.0,1.0,2.0,3.0
697.0,2.0,10.0,1.0,2.0,1.0,29.0,2.0,12.0,6.0,3.0,135.0,132.0,475.0,5.0,1.0,11.0,2.0,2.0,2.0,3.0
512.0,1.0,2.0,2.0,7.0,1.0,62.0,8.0,4.0,5.0,14.0,351.0,295.0,344.0,2.0,4.0,18.0,2.0,2.0,1.0,2.0
401.0,1.0,17.0,1.0,6.0,1.0,43.0,1.0,110.0,5.0,7.0,302.0,337.0,487.0,1.0,5.0,18.0,1.0,2.0,1.0,3.0
452.0,2.0,25.0,1.0,3.0,1.0,42.0,2.0,51.0,4.0,12.0,661.0,514.0,149.0,10.0,7.0,3.0,1.0,1.0,1.0,2.0
410.0,1.0,20.0,1.0,1.0,1.0,43.0,9.0,2.0,8.0,2.0,409.0,170.0,204.0,12.0,11.0,9.0,1.0,2.0,2.0,1.0
539.0,2.0,10.0,2.0,5.0,1.0,2.0,4.0,105.0,6.0,21.0,237.0,559.0,304.0,7.0,2.0,18.0,1.0,1.0,1.0,2.0
601.0,1.0,22.0,2.0,9.0,2.0,16.0,4.0,36.0,5.0,11.0,573.0,505.0,707.0,15.0,12.0,15.0,2.0,2.0,2.0,4.0
589.0,1.0,1.0,1.0,3.0,1.0,19.0,5.0,77.0,8.0,4.0,232.0,654.0,211.0,4.0,8.0,9.0,1.0,2.0,1.0,2.0
288.0,2.0,8.0,1.0,8.0,1.0,50.0,2.0,115.0,2.0,12.0,26.0,680.0,45.0,12.0,5.0,6.0,2.0,1.0,1.0,1.0
170.0,2.0,22.0,2.0,2.0,2.0,44.0,5.0,83.0,6.0,13.0,34.0,312.0,471.0,8.0,6.0,17.0,2.0,2.0,2.0,2.0
554.0,1.0,22.0,2.0,4.0,2.0,21.0,5.0,8.0,4.0,21.0,527.0,502.0,366.0,11.0,6.0,11.0,2.0,2.0,1.0,3.0
275.0,1.0,17.0,1.0,5.0,1.0,11.0,1.0,16.0,7.0,8.0,6.0,286.0,799.0,9.0,2.0,16.0,1.0,2.0,1.0,4.0
429.0,1.0,25.0,1.0,3.0,2.0,23.0,3.0,21.0,5.0,4.0,440.0,241.0,320.0,6.0,5.0,3.0,2.0,1.0,1.0,2.0
550.0,2.0,11.0,2.0,2.0,1.0,56.0,1.0,96.0,6.0,18.0,310.0,111.0,65.0,8.0,3.0,1.0,2.0,2.0,2.0,1.0
201.0,1.0,24.0,2.0,5.0,1.0,21.0,10.0,95.0,5.0,13.0,409.0,674.0,85.0,3.0,2.0,9.0,2.0,2.0,2.0,1.0
383.0,2.0,1.0,1.0,2.0,2.0,49.0,7.0,50.0,8.0,19.0,211.0,728.0,620.0,11.0,3.0,9.0,2.0,1.0,2.0,3.0
71.0,2.0,19.0,2.0,16.0,2.0,9.0,9.0,101.0,8.0,18.0,377.0,308.0,635.0,10.0,1.0,4.0,2.0,1.0,2.0,3.0
422.0,2.0,5.0,2.0,7.0,1.0,39.0,1.0,103.0,2.0,8.0,79.0,264.0,574.0,15.0,15.0,17.0,1.0,2.0,2.0,3.0
567.0,1.0,1.0,1.0,1.0,1.0,23.0,3.0,40.0,1.0,4.0,417.0,554.0,601.0,12.0,6.0,18.0,2.0,1.0,1.0,4.0
144.0,2.0,11.0,2.0,4.0,1.0,61.0,7.0,20.0,8.0,13.0,131.0,177.0,51.0,12.0,3.0,15.0,1.0,2.0,2.0,1.0
16.0,2.0,15.0,2.0,2.0,2.0,59.0,2.0,80.0,1.0,19.0,584.0,677.0,778.0,6.0,5.0,7.0,2.0,1.0,2.0,4.0
110.0,2.0,22.0,2.0,2.0,1.0,38.0,6.0,89.0,2.0,3.0,349.0,491.0,723.0,1.0,2.0,5.0,1.0,1.0,1.0,4.0
87.0,2.0,24.0,1.0,12.0,1.0,43.0,1.0,90.0,5.0,21.0,81.0,292.0,624.0,11.0,13.0,5.0,2.0,2.0,2.0,3.0
334.0,2.0,10.0,2.0,6.0,2.0,20.0,5.0,28.0,2.0,18.0,347.0,412.0,341.0,9.0,6.0,5.0,2.0,2.0,1.0,2.0
281.0,2.0,25.0,2.0,4.0,2.0,11.0,3.0,73.0,2.0,11.0,536.0,378.0,792.0,5.0,7.0,3.0,2.0,2.0,2.0,4.0
115.0,2.0,1.0,1.0,2.0,2.0,6.0,4.0,34.0,6.0,3.0,208.0,232.0,258.0,9.0,3.0,18.0,2.0,2.0,2.0,1.0
135.0,2.0,5.0,2.0,1.0,1.0,61.0,1.0,15.0,2.0,2.0,558.0,565.0,265.0,5.0,1.0,15.0,2.0,1.0,2.0,2.0
140.0,2.0,6.0,2.0,10.0,2.0,44.0,1.0,121.0,6.0,21.0,545.0,523.0,673.0,13.0,6.0,12.0,2.0,1.0,2.0,4.0
476.0,2.0,5.0,1.0,1.0,1.0,61.0,9.0,120.0,1.0,1.0,256.0,188.0,346.0,14.0,15.0,3.0,2.0,2.0,2.0,2.0
220.0,2.0,6.0,1.0,14.0,1.0,55.0,7.0,49.0,6.0,15.0,196.0,21.0,520.0,13.0,11.0,6.0,1.0,1.0,1.0,3.0
502.0,2.0,13.0,1.0,2.0,2.0,58.0,7.0,104.0,3.0,21.0,89.0,116.0,266.0,4.0,3.0,15.0,2.0,1.0,2.0,2.0
191.0,1.0,23.0,1.0,1.0,1.0,15.0,2.0,2.0,4.0,5.0,84.0,561.0,464.0,1.0,1.0,3.0,2.0,1.0,1.0,3.0
557.0,1.0,1.0,1.0,1.0,1.0,47.0,8.0,76.0,6.0,3.0,467.0,422.0,568.0,8.0,8.0,18.0,2.0,1.0,2.0,4.0
277.0,1.0,18.0,1.0,7.0,1.0,1.0,4.0,87.0,6.0,14.0,300.0,165.0,682.0,12.0,9.0,5.0,2.0,1.0,2.0,3.0
285.0,1.0,10.0,2.0,1.0,2.0,16.0,7.0,36.0,1.0,7.0,383.0,547.0,42.0,14.0,12.0,11.0,2.0,2.0,1.0,1.0
611.0,2.0,1.0,1.0,1.0,2.0,54.0,5.0,70.0,5.0,1.0,225.0,119.0,715.0,13.0,3.0,17.0,2.0,2.0,2.0,4.0
95.0,2.0,1.0,2.0,7.0,1.0,2.0,8.0,28.0,3.0,11.0,628.0,494.0,178.0,7.0,4.0,18.0,1.0,2.0,1.0,1.0
438.0,2.0,6.0,1.0,1.0,2.0,2.0,9.0,75.0,6.0,6.0,47.0,82.0,605.0,15.0,2.0,3.0,2.0,2.0,1.0,3.0
375.0,2.0,6.0,2.0,8.0,2.0,5.0,1.0,31.0,7.0,12.0,676.0,711.0,600.0,12.0,15.0,18.0,2.0,1.0,1.0,4.0
283.0,2.0,20.0,1.0,7.0,1.0,22.0,6.0,94.0,3.0,8.0,465.0,260.0,161.0,8.0,10.0,9.0,1.0,1.0,2.0,1.0
215.0,2.0,16.0,2.0,8.0,2.0,23.0,6.0,2.0,1.0,16.0,503.0,675.0,621.0,6.0,1.0,5.0,2.0,1.0,2.0,3.0
490.0,2.0,18.0,2.0,12.0,1.0,18.0,3.0,100.0,2.0,17.0,171.0,532.0,390.0,7.0,1.0,12.0,1.0,1.0,2.0,3.0
242.0,1.0,10.0,2.0,7.0,2.0,28.0,2.0,43.0,7.0,11.0,694.0,707.0,554.0,13.0,13.0,14.0,2.0,1.0,1.0,3.0
524.0,2.0,7.0,1.0,5.0,2.0,30.0,1.0,22.0,3.0,8.0,450.0,275.0,593.0,12.0,14.0,12.0,2.0,2.0,1.0,4.0
103.0,1.0,20.0,2.0,1.0,1.0,55.0,7.0,25.0,7.0,2.0,518.0,585.0,380.0,3.0,4.0,10.0,2.0,2.0,1.0,2.0
113.0,2.0,1.0,2.0,2.0,2.0,5.0,7.0,104.0,5.0,3.0,68.0,67.0,314.0,4.0,6.0,16.0,2.0,1.0,2.0,1.0
127.0,2.0,1.0,1.0,5.0,2.0,4.0,8.0,102.0,1.0,18.0,314.0,167.0,655.0,1.0,4.0,13.0,2.0,1.0,1.0,3.0
68.0,1.0,22.0,1.0,1.0,2.0,7.0,3.0,36.0,4.0,5.0,399.0,327.0,807.0,4.0,8.0,12.0,2.0,1.0,2.0,4.0
175.0,2.0,13.0,2.0,1.0,1.0,55.0,6.0,45.0,6.0,3.0,268.0,271.0,351.0,9.0,5.0,3.0,2.0,2.0,1.0,2.0
418.0,1.0,17.0,2.0,5.0,1.0,43.0,8.0,18.0,2.0,15.0,82.0,146.0,41.0,12.0,3.0,9.0,2.0,2.0,1.0,1.0
556.0,1.0,23.0,1.0,19.0,1.0,63.0,7.0,4.0,2.0,20.0,401.0,733.0,345.0,6.0,10.0,12.0,2.0,1.0,2.0,3.0
375.0,1.0,8.0,1.0,1.0,2.0,60.0,5.0,3.0,5.0,16.0,519.0,321.0,256.0,6.0,2.0,1.0,2.0,2.0,1.0,2.0
22.0,1.0,12.0,1.0,6.0,2.0,38.0,1.0,12.0,6.0,8.0,61.0,113.0,694.0,15.0,8.0,18.0,2.0,2.0,1.0,3.0
514.0,1.0,2.0,1.0,8.0,1.0,11.0,2.0,62.0,8.0,14.0,270.0,8.0,376.0,14.0,12.0,4.0,1.0,1.0,2.0,2.0
94.0,1.0,25.0,1.0,9.0,1.0,37.0,9.0,75.0,1.0,11.0,392.0,125.0,733.0,9.0,7.0,19.0,1.0,1.0,1.0,4.0
275.0,1.0,21.0,2.0,13.0,2.0,2.0,6.0,7.0,4.0,20.0,484.0,288.0,134.0,13.0,7.0,6.0,2.0,1.0,2.0,1.0
611.0,1.0,20.0,2.0,6.0,1.0,7.0,1.0,56.0,3.0,14.0,625.0,507.0,466.0,4.0,7.0,3.0,2.0,1.0,2.0,3.0
666.0,2.0,9.0,2.0,11.0,2.0,22.0,4.0,79.0,2.0,18.0,292.0,417.0,531.0,5.0,6.0,9.0,2.0,1.0,1.0,3.0
214.0,2.0,11.0,1.0,3.0,2.0,43.0,8.0,54.0,4.0,7.0,488.0,639.0,66.0,5.0,8.0,14.0,2.0,1.0,2.0,1.0
199.0,1.0,25.0,1.0,14.0,2.0,33.0,7.0,104.0,4.0,20.0,326.0,606.0,571.0,3.0,3.0,8.0,2.0,2.0,1.0,3.0
283.0,2.0,5.0,1.0,5.0,1.0,42.0,4.0,22.0,6.0,12.0,468.0,193.0,831.0,10.0,1.0,5.0,2.0,1.0,2.0,4.0
163.0,2.0,12.0,2.0,1.0,1.0,6.0,9.0,68.0,2.0,4.0,60.0,93.0,710.0,15.0,7.0,11.0,1.0,1.0,2.0,3.0
105.0,2.0,19.0,2.0,2.0,2.0,23.0,4.0,74.0,2.0,4.0,684.0,699.0,795.0,14.0,5.0,17.0,2.0,2.0,2.0,4.0
58.0,2.0,1.0,2.0,6.0,2.0,28.0,9.0,55.0,3.0,11.0,164.0,660.0,117.0,8.0,6.0,12.0,2.0,1.0,1.0,1.0
98.0,2.0,9.0,1.0,3.0,1.0,39.0,1.0,71.0,8.0,12.0,342.0,403.0,514.0,11.0,11.0,7.0,2.0,2.0,2.0,3.0
248.0,1.0,22.0,2.0,5.0,1.0,6.0,8.0,78.0,1.0,7.0,615.0,652.0,227.0,12.0,7.0,7.0,1.0,2.0,2.0,2.0
408.0,1.0,9.0,2.0,11.0,2.0,32.0,9.0,86.0,1.0,13.0,678.0,726.0,119.0,6.0,3.0,11.0,2.0,2.0,2.0,2.0
710.0,2.0,22.0,2.0,8.0,2.0,42.0,3.0,34.0,4.0,9.0,644.0,573.0,350.0,5.0,3.0,7.0,2.0,2.0,1.0,3.0
447.0,1.0,23.0,1.0,1.0,1.0,15.0,1.0,108.0,5.0,5.0,509.0,262.0,539.0,7.0,9.0,19.0,2.0,1.0,1.0,3.0
65.0,2.0,22.0,2.0,8.0,2.0,54.0,3.0,104.0,2.0,15.0,417.0,534.0,772.0,6.0,8.0,9.0,2.0,2.0,2.0,4.0
545.0,2.0,2.0,2.0,13.0,2.0,56.0,5.0,32.0,8.0,18.0,7.0,224.0,711.0,7.0,10.0,5.0,2.0,2.0,1.0,4.0
266.0,1.0,5.0,1.0,17.0,1.0,8.0,2.0,40.0,3.0,19.0,44.0,2.0,10.0,7.0,9.0,15.0,2.0,2.0,1.0,1.0
366.0,2.0,17.0,1.0,11.0,2.0,62.0,1.0,37.0,4.0,13.0,104.0,262.0,632.0,5.0,4.0,19.0,2.0,2.0,1.0,3.0
351.0,1.0,7.0,2.0,10.0,2.0,55.0,1.0,62.0,6.0,12.0,58.0,30.0,465.0,8.0,5.0,18.0,2.0,2.0,1.0,2.0
345.0,2.0,1.0,2.0,1.0,1.0,30.0,6.0,46.0,7.0,8.0,307.0,348.0,564.0,12.0,4.0,19.0,2.0,1.0,1.0,3.0
622.0,2.0,1.0,1.0,1.0,1.0,43.0,2.0,90.0,4.0,5.0,456.0,651.0,249.0,8.0,1.0,12.0,2.0,1.0,2.0,2.0
648.0,1.0,6.0,2.0,9.0,1.0,57.0,9.0,66.0,4.0,15.0,548.0,692.0,585.0,10.0,3.0,2.0,2.0,2.0,1.0,4.0
508.0,2.0,12.0,1.0,8.0,1.0,25.0,3.0,75.0,5.0,15.0,370.0,644.0,158.0,13.0,3.0,4.0,1.0,2.0,2.0,1.0
225.0,1.0,1.0,2.0,1.0,2.0,46.0,7.0,37.0,8.0,1.0,176.0,1.0,329.0,2.0,3.0,1.0,2.0,2.0,1.0,2.0
659.0,2.0,17.0,2.0,1.0,1.0,16.0,1.0,48.0,8.0,6.0,166.0,326.0,631.0,5.0,7.0,2.0,2.0,1.0,1.0,4.0
480.0,1.0,1.0,2.0,8.0,1.0,59.0,8.0,118.0,7.0,11.0,7.0,114.0,109.0,1.0,3.0,10.0,2.0,1.0,2.0,1.0
708.0,1.0,1.0,2.0,8.0,1.0,14.0,4.0,62.0,6.0,13.0,279.0,263.0,331.0,7.0,3.0,10.0,2.0,2.0,1.0,2.0
362.0,1.0,14.0,2.0,4.0,1.0,20.0,5.0,118.0,3.0,5.0,597.0,380.0,59.0,10.0,3.0,16.0,1.0,2.0,2.0,1.0
158.0,1.0,22.0,2.0,12.0,2.0,9.0,1.0,53.0,2.0,14.0,196.0,171.0,172.0,8.0,7.0,7.0,2.0,2.0,2.0,1.0
720.0,2.0,1.0,1.0,7.0,1.0,46.0,2.0,103.0,4.0,8.0,674.0,672.0,850.0,5.0,5.0,8.0,2.0,1.0,2.0,4.0
634.0,1.0,12.0,1.0,7.0,2.0,2.0,7.0,77.0,5.0,17.0,581.0,564.0,502.0,5.0,4.0,11.0,2.0,2.0,1.0,3.0
578.0,2.0,1.0,2.0,2.0,2.0,11.0,10.0,18.0,1.0,19.0,461.0,334.0,496.0,5.0,5.0,8.0,2.0,2.0,1.0,3.0
231.0,2.0,17.0,1.0,10.0,1.0,6.0,3.0,64.0,4.0,18.0,547.0,693.0,139.0,14.0,3.0,12.0,2.0,2.0,1.0,1.0
246.0,1.0,22.0,1.0,1.0,1.0,18.0,5.0,54.0,7.0,3.0,291.0,138.0,246.0,12.0,15.0,19.0,1.0,2.0,1.0,1.0
195.0,1.0,15.0,2.0,12.0,2.0,11.0,7.0,94.0,7.0,13.0,227.0,256.0,151.0,15.0,1.0,2.0,2.0,2.0,1.0,1.0
551.0,2.0,9.0,1.0,1.0,1.0,48.0,7.0,20.0,7.0,5.0,126.0,221.0,35.0,5.0,8.0,9.0,2.0,1.0,1.0,1.0
64.0,2.0,15.0,2.0,1.0,2.0,56.0,10.0,57.0,6.0,12.0,599.0,535.0,864.0,11.0,5.0,19.0,2.0,2.0,1.0,4.0
628.0,1.0,8.0,1.0,5.0,1.0,36.0,8.0,83.0,1.0,12.0,150.0,218.0,553.0,3.0,2.0,8.0,2.0,2.0,2.0,3.0
623.0,2.0,22.0,1.0,5.0,1.0,41.0,6.0,95.0,3.0,21.0,38.0,324.0,719.0,12.0,7.0,17.0,2.0,2.0,2.0,4.0
669.0,1.0,1.0,2.0,1.0,2.0,61.0,9.0,20.0,2.0,1.0,527.0,588.0,519.0,6.0,9.0,12.0,2.0,1.0,2.0,3.0
34.0,2.0,23.0,2.0,15.0,2.0,55.0,4.0,86.0,8.0,18.0,310.0,383.0,20.0,3.0,7.0,6.0,2.0,2.0,2.0,1.0
213.0,2.0,10.0,2.0,1.0,1.0,45.0,8.0,60.0,2.0,1.0,160.0,196.0,111.0,4.0,6.0,11.0,2.0,2.0,2.0,1.0
571.0,2.0,15.0,1.0,1.0,2.0,53.0,5.0,91.0,7.0,18.0,356.0,208.0,421.0,10.0,9.0,14.0,2.0,2.0,1.0,3.0
54.0,1.0,14.0,2.0,1.0,1.0,12.0,9.0,107.0,4.0,3.0,567.0,548.0,382.0,4.0,2.0,18.0,1.0,2.0,2.0,2.0
337.0,1.0,10.0,1.0,2.0,2.0,7.0,5.0,1.0,1.0,13.0,262.0,165.0,215.0,1.0,1.0,13.0,2.0,1.0,1.0,1.0
496.0,2.0,1.0,2.0,1.0,1.0,49.0,4.0,92.0,2.0,13.0,25.0,170.0,506.0,11.0,12.0,5.0,1.0,2.0,1.0,3.0
382.0,2.0,1.0,1.0,5.0,2.0,34.0,1.0,61.0,6.0,20.0,251.0,53.0,583.0,5.0,3.0,2.0,2.0,1.0,2.0,3.0
